participant.id_in_session,participant.code,participant.label,participant._is_bot,participant._index_in_pages,participant._max_page_index,participant._current_app_name,participant._current_page_name,participant.time_started_utc,participant.visited,participant.mturk_worker_id,participant.mturk_assignment_id,participant.payoff,player.id_in_group,player.role,player.payoff,player.q_gender,player.q_age,player.q_area,player.q_education,player.q_device,player.big5_1,player.big5_2,player.big5_3,player.big5_4,player.big5_5,player.big5_6,player.big5_7,player.big5_IMC,player.big5_8,player.big5_9,player.big5_10,player.Gaiko,player.Kyocho,player.Kinben,player.Shinkei,player.Kaiho,player.inboron1,player.inboron2,player.inboron3,player.inboron4,player.inboron5,player.inboron6,player.inboron7,player.inboron8,player.inboron9,player.inboron10,player.inboron11,player.inboron12,player.inboronIMC,player.inboron13,player.inboron14,player.inboron15,player.inboron16,player.crt_bat,player.crt_widget,player.crt_lake,player.crt_DQS,player.crt_rank,group.id_in_subsession,subsession.round_number,session.code,session.label,session.mturk_HITId,session.mturk_HITGroupId,session.comment,session.is_demo
1,p0bo916o,x40011,0,9,9,finish,FinishPage,2025-10-24 05:00:44.132973,1,,,0.0,1,,0.0,1,3,4,4,2,1,3,5,5,1,4,4,5,5,3,7,,,,,,2,3,3,3,3,4,3,3,4,4,3,4,4,3,2,3,4,10,5,47,27,29,1,1,o6fcsmxw,,,,,0
2,sjmkcqel,x40001,0,9,9,finish,FinishPage,2025-10-24 05:00:45.145816,1,,,0.0,2,,0.0,0,3,3,4,0,2,2,4,5,2,5,5,5,3,6,5,,,,,,1,1,1,1,1,2,1,1,1,1,1,1,4,1,1,1,1,5,5,47,27,29,1,1,o6fcsmxw,,,,,0
3,0ztfyjym,x40003,0,9,9,finish,FinishPage,2025-10-24 05:00:45.980323,1,,,0.0,3,,0.0,0,4,2,4,0,4,1,5,1,3,4,4,5,3,6,4,,,,,,3,3,3,3,3,3,3,3,3,3,3,3,3,3,3,4,3,5,5,47,27,29,1,1,o6fcsmxw,,,,,0
4,ejfn8jp2,x40037,0,9,9,finish,FinishPage,2025-10-24 05:00:46.034308,1,,,0.0,4,,0.0,0,4,3,4,1,4,2,5,7,2,7,6,5,2,5,6,,,,,,2,4,1,4,4,2,4,1,3,4,4,5,4,1,2,5,4,5,5,47,27,29,1,1,o6fcsmxw,,,,,0
5,zg7baaw5,x40009,0,9,9,finish,FinishPage,2025-10-24 05:00:46.118407,1,,,0.0,5,,0.0,0,2,2,5,0,3,4,3,6,5,6,6,5,5,3,5,,,,,,3,5,3,3,3,3,3,3,3,3,3,4,4,3,3,3,3,5,5,47,27,29,1,1,o6fcsmxw,,,,,0
6,u2hec4uq,x40002,0,9,9,finish,FinishPage,2025-10-24 05:00:46.834140,1,,,0.0,6,,0.0,0,3,7,4,0,3,4,3,5,4,4,3,5,5,3,5,,,,,,2,3,2,3,3,2,2,2,3,3,3,3,4,2,2,4,3,5,5,47,27,29,1,1,o6fcsmxw,,,,,0
7,fiassazx,x40035,0,9,9,finish,FinishPage,2025-10-24 05:00:46.953120,1,,,0.0,7,,0.0,1,1,7,4,2,6,2,6,3,5,3,6,5,2,6,2,,,,,,2,3,1,2,2,1,3,2,1,4,1,3,4,2,1,3,1,5,5,47,27,29,1,1,o6fcsmxw,,,,,0
8,b8imfq8l,x40020,0,9,9,finish,FinishPage,2025-10-24 05:00:47.357097,1,,,0.0,8,,0.0,0,3,7,1,0,1,5,1,6,2,5,2,5,5,2,5,,,,,,1,2,1,1,1,1,1,1,1,3,2,2,4,1,1,2,2,5,5,47,4,29,1,1,o6fcsmxw,,,,,0
9,80a5vgvt,x40006,0,9,9,finish,FinishPage,2025-10-24 05:00:47.513027,1,,,0.0,9,,0.0,0,5,3,1,0,3,2,5,6,3,6,5,5,3,6,5,,,,,,1,3,1,3,1,1,1,1,2,3,1,2,4,2,2,2,3,10,5,47,27,29,1,1,o6fcsmxw,,,,,0
10,egy9a3ci,x40019,0,9,9,finish,FinishPage,2025-10-24 05:00:47.598613,1,,,0.0,10,,0.0,0,4,2,4,0,5,2,6,2,5,5,5,5,2,6,3,,,,,,1,1,1,4,2,1,1,1,4,4,1,2,4,4,2,4,4,5,5,47,27,29,1,1,o6fcsmxw,,,,,0
11,55ho3p5z,x40050,0,9,9,finish,FinishPage,2025-10-24 05:00:47.614589,1,,,0.0,11,,0.0,0,4,2,4,2,6,2,6,2,6,4,6,5,2,6,2,,,,,,3,3,3,3,3,3,3,3,3,3,3,3,4,3,3,3,3,10,547,47,27,29,1,1,o6fcsmxw,,,,,0
12,egt2p9r0,x40022,0,9,9,finish,FinishPage,2025-10-24 05:00:48.161945,1,,,0.0,12,,0.0,0,5,4,1,0,4,4,3,4,4,4,4,5,4,4,5,,,,,,3,3,3,3,3,3,3,3,3,3,3,3,4,3,3,3,3,10,5,47,27,29,1,1,o6fcsmxw,,,,,0
13,3pmjc4tq,x40023,0,9,9,finish,FinishPage,2025-10-24 05:00:48.353074,1,,,0.0,13,,0.0,0,2,8,4,0,7,1,7,1,7,1,7,5,1,7,7,,,,,,1,1,1,1,1,1,1,1,1,1,1,1,2,1,1,1,1,205,5,47,4,29,1,1,o6fcsmxw,,,,,0
14,7sq88vhp,x40021,0,9,9,finish,FinishPage,2025-10-24 05:00:48.262826,1,,,0.0,14,,0.0,1,2,6,2,0,4,4,4,4,4,4,4,5,4,4,5,,,,,,3,3,3,3,3,3,3,3,3,3,3,3,3,3,3,3,3,5,1,47,27,30,1,1,o6fcsmxw,,,,,0
15,9gqubp0w,x40049,0,9,9,finish,FinishPage,2025-10-24 05:00:48.537454,1,,,0.0,15,,0.0,0,4,6,4,0,2,2,3,3,6,6,5,5,5,6,3,,,,,,1,1,3,2,2,4,1,4,4,2,3,1,4,4,2,4,2,5,5,47,27,29,1,1,o6fcsmxw,,,,,0
16,oauq1vbn,x40040,0,9,9,finish,FinishPage,2025-10-24 05:00:48.588652,1,,,0.0,16,,0.0,0,5,3,4,0,3,3,3,3,3,5,4,5,6,5,5,,,,,,3,3,3,3,3,3,3,3,3,3,3,3,4,3,3,3,3,10,5,47,27,30,1,1,o6fcsmxw,,,,,0
17,vxaidswm,x40012,0,9,9,finish,FinishPage,2025-10-24 05:00:49.017579,1,,,0.0,17,,0.0,0,3,5,4,0,2,5,6,6,2,4,5,5,2,4,6,,,,,,2,2,2,2,2,2,2,2,3,2,3,2,4,2,2,4,3,5,5,47,27,29,1,1,o6fcsmxw,,,,,0
18,1ye5r7em,x40039,0,9,9,finish,FinishPage,2025-10-24 05:00:49.449377,1,,,0.0,18,,0.0,1,3,1,1,2,1,6,3,7,4,6,4,5,5,2,6,,,,,,3,2,3,4,4,3,3,2,4,4,3,3,4,3,4,4,4,10,10,24,27,30,1,1,o6fcsmxw,,,,,0
19,scabpbjc,x40036,0,9,9,finish,FinishPage,2025-10-24 05:00:49.573090,1,,,0.0,19,,0.0,0,4,7,4,2,6,2,5,2,5,3,5,5,3,6,4,,,,,,3,3,2,3,4,3,4,4,4,4,3,4,4,3,4,3,3,10,100,24,27,30,1,1,o6fcsmxw,,,,,0
20,9k897pnk,x40030,0,9,9,finish,FinishPage,2025-10-24 05:00:49.873092,1,,,0.0,20,,0.0,0,1,3,4,0,2,2,4,6,2,6,4,5,3,6,6,,,,,,1,1,2,2,2,1,1,3,3,2,2,1,4,2,2,3,2,5,5,47,27,29,1,1,o6fcsmxw,,,,,0
21,jzob4av4,x40024,0,9,9,finish,FinishPage,2025-10-24 05:00:49.759653,1,,,0.0,21,,0.0,0,4,1,4,0,3,4,1,7,4,4,4,5,7,2,6,,,,,,2,2,2,2,1,2,2,2,2,2,2,2,4,2,2,3,2,5,5,47,27,29,1,1,o6fcsmxw,,,,,0
22,gm1ifr8j,x40043,0,9,9,finish,FinishPage,2025-10-24 05:00:50.247256,1,,,0.0,22,,0.0,0,5,7,2,2,3,5,4,4,4,3,5,5,4,4,4,,,,,,1,1,1,1,1,1,1,1,3,3,1,1,4,3,3,3,3,205,5,47,9,29,1,1,o6fcsmxw,,,,,0
23,dh3vr5sd,x40051,0,9,9,finish,FinishPage,2025-10-24 05:00:50.674320,1,,,0.0,23,,0.0,0,4,2,1,2,5,4,5,5,6,4,5,5,4,5,4,,,,,,2,2,2,2,2,2,2,2,3,2,2,2,4,2,2,2,2,10,100,24,27,29,1,1,o6fcsmxw,,,,,0
24,8ncvf3n5,x40041,0,9,9,finish,FinishPage,2025-10-24 05:00:50.823745,1,,,0.0,24,,0.0,0,4,7,4,2,1,1,1,1,1,7,7,5,7,7,7,,,,,,5,5,5,5,5,5,5,5,5,5,5,5,4,5,5,5,5,10,5,47,27,29,1,1,o6fcsmxw,,,,,0
25,0c07fvzm,x40033,0,9,9,finish,FinishPage,2025-10-24 05:00:50.801093,1,,,0.0,25,,0.0,1,4,2,3,0,3,2,5,6,2,6,6,5,3,6,6,,,,,,3,4,2,3,4,3,3,3,4,4,3,4,4,4,4,4,4,5,5,12,27,29,1,1,o6fcsmxw,,,,,0
26,i6gnntt1,x40046,0,9,9,finish,FinishPage,2025-10-24 05:00:51.371180,1,,,0.0,26,,0.0,1,4,3,3,0,1,2,5,3,1,7,4,5,5,6,7,,,,,,1,1,2,2,1,1,1,3,4,3,2,1,4,3,3,2,3,5,5,47,27,29,1,1,o6fcsmxw,,,,,0
27,v9wnmvgf,x40058,0,9,9,finish,FinishPage,2025-10-24 05:00:51.654064,1,,,0.0,27,,0.0,1,5,0,4,2,5,3,4,3,3,3,4,5,3,5,3,,,,,,1,1,1,1,1,1,1,1,2,2,2,1,4,1,1,1,1,5,5,47,27,29,1,1,o6fcsmxw,,,,,0
28,iph8tlg2,x40005,0,9,9,finish,FinishPage,2025-10-24 05:00:52.025593,1,,,0.0,28,,0.0,0,3,2,4,0,2,7,1,6,2,3,1,5,7,1,7,,,,,,5,5,5,5,5,5,4,4,5,5,4,4,4,4,5,5,5,5,5,47,27,29,1,1,o6fcsmxw,,,,,0
29,j1ui34hk,x40045,0,9,9,finish,FinishPage,2025-10-24 05:00:52.243786,1,,,0.0,29,,0.0,0,4,7,1,0,1,3,6,4,3,6,6,5,6,6,7,,,,,,4,4,4,4,4,4,4,4,4,4,4,4,4,4,4,4,5,10,5,47,27,29,1,1,o6fcsmxw,,,,,0
30,kcge9sl1,x40056,0,9,9,finish,FinishPage,2025-10-24 05:00:52.719316,1,,,0.0,30,,0.0,0,4,2,1,0,2,5,1,6,4,1,1,5,7,2,7,,,,,,3,3,3,3,3,3,3,3,3,3,3,3,4,3,3,3,3,10,5,47,27,29,1,1,o6fcsmxw,,,,,0
31,37ho63ir,x40055,0,9,9,finish,FinishPage,2025-10-24 05:00:52.878594,1,,,0.0,31,,0.0,0,5,2,4,0,3,3,3,6,3,4,2,5,5,2,6,,,,,,3,3,3,3,3,3,3,4,4,4,4,3,4,3,4,4,3,10,5,24,27,29,1,1,o6fcsmxw,,,,,0
32,7dqptt8u,x40053,0,9,9,finish,FinishPage,2025-10-24 05:00:56.139083,1,,,0.0,32,,0.0,0,3,4,1,0,6,4,4,3,5,2,4,5,3,5,4,,,,,,4,2,4,4,4,4,4,4,4,4,4,4,4,4,4,4,4,10,100,47,4,15,1,1,o6fcsmxw,,,,,0
33,lravpp2d,x40018,0,9,9,finish,FinishPage,2025-10-24 05:00:53.906709,1,,,0.0,33,,0.0,1,4,4,1,0,4,2,5,2,3,4,4,5,2,6,5,,,,,,1,2,2,4,2,2,2,2,2,2,2,2,4,2,2,4,4,10,5,47,27,29,1,1,o6fcsmxw,,,,,0
34,exa3amei,x40060,0,9,9,finish,FinishPage,2025-10-24 05:00:54.403777,1,,,0.0,34,,0.0,1,5,4,0,0,4,3,6,4,4,4,6,5,2,5,4,,,,,,4,4,4,4,4,4,4,4,4,4,4,4,4,2,4,4,4,10,100,47,4,30,1,1,o6fcsmxw,,,,,0
35,pzrx7k8y,x40016,0,9,9,finish,FinishPage,2025-10-24 05:00:54.861981,1,,,0.0,35,,0.0,0,5,2,4,0,3,1,5,4,3,1,4,5,1,3,2,,,,,,1,1,1,1,1,1,1,1,1,1,1,1,4,1,1,1,1,5,5,47,27,29,1,1,o6fcsmxw,,,,,0
36,lo0dsfm5,x40031,0,9,9,finish,FinishPage,2025-10-24 05:00:54.959312,1,,,0.0,36,,0.0,0,5,2,1,0,2,1,3,6,5,6,7,5,2,4,2,,,,,,1,3,2,2,1,1,3,4,3,2,1,2,4,2,2,2,2,5,5,47,27,29,1,1,o6fcsmxw,,,,,0
37,27oe0auz,x40032,0,9,9,finish,FinishPage,2025-10-24 05:00:55.026684,1,,,0.0,37,,0.0,1,4,2,3,0,2,3,3,3,6,2,6,5,1,4,4,,,,,,1,1,1,1,1,1,1,1,4,4,1,1,4,1,1,1,1,10,100,24,27,30,1,1,o6fcsmxw,,,,,0
38,qsgae9xh,x40004,0,9,9,finish,FinishPage,2025-10-24 05:00:55.261325,1,,,0.0,38,,0.0,1,5,7,1,0,3,2,4,3,3,4,5,5,2,6,4,,,,,,1,3,1,1,1,1,1,1,2,2,1,1,4,2,1,2,1,5,5,47,27,30,1,1,o6fcsmxw,,,,,0
39,85recb8d,x40069,0,9,9,finish,FinishPage,2025-10-24 05:00:55.332199,1,,,0.0,39,,0.0,0,3,4,4,2,1,3,3,5,2,6,3,5,2,5,6,,,,,,1,2,1,1,3,2,1,1,3,4,2,2,4,2,2,4,2,205,5,47,27,29,1,1,o6fcsmxw,,,,,0
40,1h6ufex5,x40047,0,9,9,finish,FinishPage,2025-10-24 05:00:55.439455,1,,,0.0,40,,0.0,0,3,4,4,0,3,5,6,6,3,6,5,5,2,5,5,,,,,,1,2,1,1,1,2,4,5,1,3,2,4,4,1,2,2,1,5,5,47,27,29,1,1,o6fcsmxw,,,,,0
41,92uso895,x40029,0,9,9,finish,FinishPage,2025-10-24 05:00:55.467442,1,,,0.0,41,,0.0,0,4,4,5,0,1,2,3,6,4,4,4,5,4,4,7,,,,,,1,1,1,1,1,1,1,1,4,1,1,1,4,1,1,4,1,5,5,47,27,29,1,1,o6fcsmxw,,,,,0
42,4ewhv0mu,x40071,0,9,9,finish,FinishPage,2025-10-24 05:00:55.899910,1,,,0.0,42,,0.0,0,5,2,4,2,3,4,5,4,4,6,6,5,4,5,5,,,,,,2,3,3,2,2,2,3,4,4,3,2,2,4,3,3,4,3,10,100,24,27,31,1,1,o6fcsmxw,,,,,0
43,9jzyg897,x40062,0,9,9,finish,FinishPage,2025-10-24 05:00:56.020798,1,,,0.0,43,,0.0,0,4,3,1,0,4,4,4,4,4,4,4,5,4,4,4,,,,,,3,3,3,3,3,3,3,3,3,3,3,3,4,3,3,3,3,5,5,47,27,29,1,1,o6fcsmxw,,,,,0
44,6svvwoka,x40061,0,9,9,finish,FinishPage,2025-10-24 05:00:56.110092,1,,,0.0,44,,0.0,1,5,2,1,2,3,5,5,5,2,5,5,5,2,3,6,,,,,,3,3,4,4,4,3,3,4,4,3,4,4,4,4,4,4,5,5,5,47,4,29,1,1,o6fcsmxw,,,,,0
45,oxagbp0m,x40057,0,9,9,finish,FinishPage,2025-10-24 05:00:56.398191,1,,,0.0,45,,0.0,0,5,1,4,0,5,5,1,2,5,3,3,5,7,3,6,,,,,,1,1,2,1,1,1,1,4,4,1,1,1,4,2,1,4,1,5,5,47,27,29,1,1,o6fcsmxw,,,,,0
46,npyrrm5t,x40073,0,9,9,finish,FinishPage,2025-10-24 05:00:56.792001,1,,,0.0,46,,0.0,0,3,2,4,2,3,2,3,4,2,5,4,5,5,5,6,,,,,,1,1,2,2,2,1,2,2,2,2,1,2,4,3,2,2,1,205,5,24,27,29,1,1,o6fcsmxw,,,,,0
47,c84kggq1,x40063,0,9,9,finish,FinishPage,2025-10-24 05:00:57.430136,1,,,0.0,47,,0.0,0,6,7,1,2,1,7,6,7,1,7,2,5,3,2,7,,,,,,3,5,4,4,4,3,3,4,4,5,4,4,4,3,5,5,4,10,5,47,27,29,1,1,o6fcsmxw,,,,,0
48,axb8pi3q,x40065,0,9,9,finish,FinishPage,2025-10-24 05:00:57.567412,1,,,0.0,48,,0.0,0,4,3,4,0,2,2,1,6,6,3,2,5,6,1,5,,,,,,1,1,1,1,1,1,1,1,1,1,1,1,4,1,1,1,1,5,5,47,27,31,1,1,o6fcsmxw,,,,,0
49,fdu4cfjp,x40075,0,9,9,finish,FinishPage,2025-10-24 05:00:57.731063,1,,,0.0,49,,0.0,0,3,4,4,0,1,3,3,5,6,7,3,5,5,5,2,,,,,,1,1,2,2,1,2,2,2,2,2,1,2,4,2,2,2,2,5,5,47,27,29,1,1,o6fcsmxw,,,,,0
50,55zm6u16,x40034,0,9,9,finish,FinishPage,2025-10-24 05:00:59.715908,1,,,0.0,50,,0.0,0,4,0,4,2,1,4,4,7,1,4,4,5,5,4,7,,,,,,1,1,3,1,1,1,3,3,5,1,3,3,4,1,1,3,1,5,5,47,27,29,1,1,o6fcsmxw,,,,,0
51,zcyylq9v,x40077,0,9,9,finish,FinishPage,2025-10-24 05:00:59.719245,1,,,0.0,51,,0.0,1,4,4,3,1,4,5,3,7,6,2,3,5,2,3,3,,,,,,3,3,3,4,2,2,2,2,3,4,4,3,4,3,3,4,3,5,5,47,27,29,1,1,o6fcsmxw,,,,,0
52,1uoiedns,x40070,0,9,9,finish,FinishPage,2025-10-24 05:00:59.880258,1,,,0.0,52,,0.0,1,5,4,4,0,1,1,5,2,5,5,5,5,2,6,3,,,,,,1,1,1,1,1,1,1,1,2,1,1,1,4,1,1,1,2,5,5,47,27,29,1,1,o6fcsmxw,,,,,0
53,x831prj5,x40067,0,9,9,finish,FinishPage,2025-10-24 05:00:59.859649,1,,,0.0,53,,0.0,0,4,3,4,2,3,3,5,6,2,4,5,3,3,5,5,,,,,,2,3,2,3,3,2,2,3,4,4,2,3,4,3,2,2,2,10,5,24,27,30,1,1,o6fcsmxw,,,,,0
54,koh2svhb,x40026,0,9,9,finish,FinishPage,2025-10-24 05:01:00.126874,1,,,0.0,54,,0.0,0,5,2,4,0,4,1,4,2,4,3,3,5,2,5,4,,,,,,1,1,1,2,2,1,2,2,2,3,2,3,4,2,2,2,2,5,5,47,27,29,1,1,o6fcsmxw,,,,,0
55,9lsxgydn,x40059,0,9,9,finish,FinishPage,2025-10-24 05:01:01.638687,1,,,0.0,55,,0.0,0,5,3,2,1,5,1,5,3,5,3,6,5,3,5,3,,,,,,2,4,4,3,3,2,4,4,4,4,2,4,4,4,2,4,3,10,5,47,27,29,1,1,o6fcsmxw,,,,,0
56,10qcyc70,x40042,0,9,9,finish,FinishPage,2025-10-24 05:01:01.930308,1,,,0.0,56,,0.0,0,5,3,1,0,2,2,3,4,4,6,3,5,5,4,4,,,,,,1,2,1,3,2,1,1,2,3,3,2,2,4,2,2,2,3,5,5,47,27,29,1,1,o6fcsmxw,,,,,0
57,y163wjty,x40080,0,9,9,finish,FinishPage,2025-10-24 05:01:02.024723,1,,,0.0,57,,0.0,1,2,7,3,2,3,3,4,6,2,3,5,5,3,4,6,,,,,,3,3,3,2,2,2,3,3,3,3,2,3,4,3,2,2,3,10,100,24,27,30,1,1,o6fcsmxw,,,,,0
58,lsf0zsrx,x40082,0,9,9,finish,FinishPage,2025-10-24 05:01:02.348821,1,,,0.0,58,,0.0,0,4,2,4,0,3,3,3,5,3,5,4,5,4,4,5,,,,,,2,2,2,2,2,2,2,2,2,2,2,2,4,2,2,2,2,5,5,47,27,29,1,1,o6fcsmxw,,,,,0
59,yvt3cu4r,x40078,0,9,9,finish,FinishPage,2025-10-24 05:01:02.797375,1,,,0.0,59,,0.0,0,2,4,2,0,2,2,4,6,5,6,6,5,4,6,3,,,,,,1,2,1,3,2,2,3,2,4,3,3,3,4,2,4,4,3,205,5,47,27,29,1,1,o6fcsmxw,,,,,0
60,i0troqgw,x40066,0,9,9,finish,FinishPage,2025-10-24 05:01:03.678467,1,,,0.0,60,,0.0,0,4,2,4,2,4,4,4,4,4,5,4,4,4,4,4,,,,,,1,1,1,1,1,1,1,1,1,1,1,1,1,1,1,1,1,5,5,47,27,29,1,1,o6fcsmxw,,,,,0
61,beijzvod,x40076,0,9,9,finish,FinishPage,2025-10-24 05:01:03.749603,1,,,0.0,61,,0.0,1,4,3,2,2,3,2,5,4,4,4,5,5,3,5,6,,,,,,3,4,3,2,3,2,3,2,3,4,3,2,4,2,2,4,2,10,5,47,27,31,1,1,o6fcsmxw,,,,,0
62,vhui531x,x40010,0,9,9,finish,FinishPage,2025-10-24 05:01:03.877652,1,,,0.0,62,,0.0,0,4,2,1,0,2,4,2,5,4,5,5,5,6,4,6,,,,,,1,3,2,2,2,1,3,3,4,2,1,2,4,3,1,3,2,5,5,47,27,29,1,1,o6fcsmxw,,,,,0
63,c5f3audu,x40074,0,9,9,finish,FinishPage,2025-10-24 05:01:03.999587,1,,,0.0,63,,0.0,1,4,2,4,2,3,2,3,6,2,6,6,5,3,3,6,,,,,,2,1,1,1,2,1,1,1,3,3,2,3,4,1,3,2,1,5,5,47,27,29,1,1,o6fcsmxw,,,,,0
64,2z14rxhx,x40081,0,9,9,finish,FinishPage,2025-10-24 05:01:04.345428,1,,,0.0,64,,0.0,0,3,1,1,2,5,5,4,6,5,6,6,5,5,6,5,,,,,,4,4,5,5,4,4,4,4,4,4,4,4,4,3,4,3,4,50,50,2,2,30,1,1,o6fcsmxw,,,,,0
65,wx93ueco,x40008,0,9,9,finish,FinishPage,2025-10-24 05:01:06.607907,1,,,0.0,65,,0.0,0,2,2,4,0,4,1,3,2,5,5,7,5,5,6,4,,,,,,2,3,2,4,3,3,3,3,4,4,3,4,4,2,2,4,4,10,5,47,27,29,1,1,o6fcsmxw,,,,,0
66,j4y7frri,x40084,0,9,9,finish,FinishPage,2025-10-24 05:01:06.990270,1,,,0.0,66,,0.0,0,4,7,2,2,3,4,4,7,4,4,4,5,4,6,3,,,,,,3,3,3,3,2,3,3,3,3,3,3,3,4,3,3,2,2,10,5,12,4,30,1,1,o6fcsmxw,,,,,0
67,goc54hve,x40083,0,9,9,finish,FinishPage,2025-10-24 05:01:07.173665,1,,,0.0,67,,0.0,0,4,3,2,0,3,3,4,5,4,5,5,5,4,4,4,,,,,,2,3,2,2,2,2,2,2,2,2,2,2,4,2,2,3,3,5,5,47,27,29,1,1,o6fcsmxw,,,,,0
68,18o772c8,x40052,0,9,9,finish,FinishPage,2025-10-24 05:01:09.696432,1,,,0.0,68,,0.0,1,5,7,3,2,3,3,3,5,4,5,5,5,5,4,5,,,,,,3,3,2,3,2,2,2,2,3,3,2,2,4,2,3,3,2,5,5,47,27,29,1,1,o6fcsmxw,,,,,0
69,01fgm7in,x40044,0,9,9,finish,FinishPage,2025-10-24 05:01:09.938702,1,,,0.0,69,,0.0,0,3,2,4,0,6,2,1,7,2,6,4,5,7,2,7,,,,,,1,4,1,4,1,1,1,1,3,3,1,1,4,1,1,1,4,10,10,12,27,30,1,1,o6fcsmxw,,,,,0
70,yey782ek,x40086,0,9,9,finish,FinishPage,2025-10-24 05:01:11.206458,1,,,0.0,70,,0.0,0,4,7,4,0,1,2,4,5,2,5,4,5,4,5,5,,,,,,3,4,4,3,3,2,2,3,4,4,3,3,2,3,3,2,4,11,100,36,27,29,1,1,o6fcsmxw,,,,,0
71,meh8j2m5,x40068,0,9,9,finish,FinishPage,2025-10-24 05:01:11.614800,1,,,0.0,71,,0.0,0,3,2,1,2,2,3,6,6,6,7,6,5,2,7,1,,,,,,1,3,1,3,1,1,3,1,4,2,1,4,4,1,2,3,2,5,5,47,27,29,1,1,o6fcsmxw,,,,,0
72,2jhb56dh,x40017,0,9,9,finish,FinishPage,2025-10-24 05:01:12.605592,1,,,0.0,72,,0.0,0,3,4,2,0,2,4,4,5,4,6,4,5,4,4,5,,,,,,2,2,1,3,3,3,3,2,3,3,3,3,4,2,2,3,3,5,5,47,27,29,1,1,o6fcsmxw,,,,,0
73,w5embi2y,x40090,0,9,9,finish,FinishPage,2025-10-24 05:01:15.605660,1,,,0.0,73,,0.0,0,4,2,4,2,4,1,1,4,1,4,4,5,4,4,7,,,,,,3,2,3,3,2,4,3,3,3,3,3,2,3,3,3,3,3,10,5,47,27,30,1,1,o6fcsmxw,,,,,0
74,vsq4hrmc,x40089,0,9,9,finish,FinishPage,2025-10-24 05:01:16.392549,1,,,0.0,74,,0.0,0,6,1,5,0,6,2,5,3,5,5,5,5,3,5,3,,,,,,1,2,2,1,2,1,1,1,3,3,2,2,4,1,1,2,1,5,5,47,27,29,1,1,o6fcsmxw,,,,,0
75,vsz8tgsa,x40027,0,9,9,finish,FinishPage,2025-10-24 05:01:16.712945,1,,,0.0,75,,0.0,0,4,4,1,0,4,2,4,4,5,4,4,5,4,5,5,,,,,,1,3,2,3,2,1,1,3,3,3,2,3,2,3,3,3,3,5,5,47,4,29,1,1,o6fcsmxw,,,,,0
76,802ikzz4,x40088,0,9,9,finish,FinishPage,2025-10-24 05:01:17.894069,1,,,0.0,76,,0.0,0,4,2,4,0,6,6,7,5,6,1,7,5,4,6,1,,,,,,1,4,1,4,3,1,1,1,2,4,1,1,4,1,2,4,4,5,5,47,27,29,1,1,o6fcsmxw,,,,,0
77,w4edjtx1,x40079,0,9,9,finish,FinishPage,2025-10-24 05:01:21.218011,1,,,0.0,77,,0.0,1,4,7,3,2,3,3,3,5,4,5,5,5,5,4,5,,,,,,3,3,2,3,2,2,2,2,3,3,2,2,4,2,3,3,2,5,5,47,27,29,1,1,o6fcsmxw,,,,,0
78,42ti7xa7,x40091,0,9,9,finish,FinishPage,2025-10-24 05:01:21.618689,1,,,0.0,78,,0.0,0,4,2,4,2,3,2,4,3,5,5,4,5,3,5,3,,,,,,1,1,3,1,1,1,1,2,3,2,2,1,4,1,1,2,1,10,1,47,27,29,1,1,o6fcsmxw,,,,,0
79,lufzv198,x40092,0,9,9,finish,FinishPage,2025-10-24 05:01:21.951896,1,,,0.0,79,,0.0,0,4,2,2,0,2,2,5,2,5,5,6,5,3,5,2,,,,,,4,5,3,5,5,4,5,3,5,4,5,5,4,3,5,5,5,5,5,47,27,29,1,1,o6fcsmxw,,,,,0
80,7020v2i5,x40095,0,9,9,finish,FinishPage,2025-10-24 05:01:25.587740,1,,,0.0,80,,0.0,0,4,3,4,2,3,2,5,4,3,4,4,4,2,4,5,,,,,,3,3,3,3,3,3,2,3,2,3,2,3,2,2,3,3,2,10,5,47,27,31,1,1,o6fcsmxw,,,,,0
81,ccoh40ff,x40093,0,9,9,finish,FinishPage,2025-10-24 05:01:29.657657,1,,,0.0,81,,0.0,0,6,4,4,0,4,2,4,3,4,5,5,5,2,5,4,,,,,,2,2,1,1,1,1,1,1,3,2,1,1,4,1,2,2,1,5,5,47,27,29,1,1,o6fcsmxw,,,,,0
82,tdqjq39y,x40099,0,9,9,finish,FinishPage,2025-10-24 05:01:30.170414,1,,,0.0,82,,0.0,0,3,2,1,2,1,1,3,4,3,3,3,5,3,4,3,,,,,,2,2,2,2,2,2,3,1,3,2,2,2,4,2,2,2,2,5,5,47,27,29,1,1,o6fcsmxw,,,,,0
83,rodyidal,x40100,0,9,9,finish,FinishPage,2025-10-24 05:01:30.294138,1,,,0.0,83,,0.0,1,5,3,1,2,1,2,3,4,3,6,4,5,4,4,5,,,,,,2,3,2,2,2,3,2,2,3,3,4,3,4,3,4,3,3,10,1,12,27,29,1,1,o6fcsmxw,,,,,0
84,zju2mlye,x40098,0,9,9,finish,FinishPage,2025-10-24 05:01:31.539303,1,,,0.0,84,,0.0,0,3,2,4,1,2,2,1,3,3,5,4,5,6,6,4,,,,,,1,3,3,2,2,2,2,3,2,1,2,3,4,2,1,1,1,5,5,47,27,29,1,1,o6fcsmxw,,,,,0
85,d7f5cnw4,x40102,0,9,9,finish,FinishPage,2025-10-24 05:01:35.039846,1,,,0.0,85,,0.0,1,4,1,1,1,2,2,3,4,4,5,5,5,4,4,6,,,,,,3,3,3,3,3,3,3,3,3,3,3,3,4,3,3,3,3,10,5,36,8,14,1,1,o6fcsmxw,,,,,0
86,ozh3pm3m,x40103,0,9,9,finish,FinishPage,2025-10-24 05:01:35.115871,1,,,0.0,86,,0.0,0,3,4,4,2,5,2,5,2,2,5,5,5,2,5,2,,,,,,2,2,2,2,2,2,2,2,2,2,2,2,4,2,2,2,2,10,100,21,27,31,1,1,o6fcsmxw,,,,,0
87,yfn42d3b,x40104,0,9,9,finish,FinishPage,2025-10-24 05:01:37.750585,1,,,0.0,87,,0.0,0,3,2,4,2,4,2,4,6,5,5,6,5,4,5,4,,,,,,4,3,4,5,3,3,4,3,5,4,3,4,4,3,4,4,4,10,5,47,27,30,1,1,o6fcsmxw,,,,,0
88,tp2yjk01,x40106,0,9,9,finish,FinishPage,2025-10-24 05:01:41.846497,1,,,0.0,88,,0.0,1,1,2,1,2,2,2,5,7,1,7,7,5,2,4,7,,,,,,2,3,3,3,2,4,3,3,4,3,3,2,4,4,1,2,2,10,100,24,27,30,1,1,o6fcsmxw,,,,,0
89,phd3kkj7,x40085,0,9,9,finish,FinishPage,2025-10-24 05:01:45.213979,1,,,0.0,89,,0.0,0,6,4,4,2,2,4,4,3,4,4,4,5,5,3,5,,,,,,1,3,3,2,2,2,2,3,4,4,3,4,4,3,2,3,4,10,5,16,27,29,1,1,o6fcsmxw,,,,,0
90,1myl7jur,x40105,0,9,9,finish,FinishPage,2025-10-24 05:01:45.114474,1,,,0.0,90,,0.0,0,4,3,2,0,2,4,2,5,4,5,5,5,5,4,5,,,,,,3,3,3,3,3,3,3,3,3,3,3,3,4,3,3,3,3,5,5,47,27,29,1,1,o6fcsmxw,,,,,0
91,1qwrgob2,x40108,0,9,9,finish,FinishPage,2025-10-24 05:01:46.474232,1,,,0.0,91,,0.0,0,2,5,4,2,5,4,6,4,5,4,4,5,4,5,4,,,,,,3,3,3,3,3,3,3,3,3,3,3,3,4,3,3,3,3,10,5,24,27,30,1,1,o6fcsmxw,,,,,0
92,4immamdu,x40109,0,9,9,finish,FinishPage,2025-10-24 05:01:49.412759,1,,,0.0,92,,0.0,1,1,2,1,2,2,1,7,7,1,7,6,5,2,3,7,,,,,,1,3,2,4,3,3,2,2,4,4,3,2,4,3,1,5,5,10,100,24,27,29,1,1,o6fcsmxw,,,,,0
93,me6ceydf,x40107,0,9,9,finish,FinishPage,2025-10-24 05:01:49.837770,1,,,0.0,93,,0.0,1,3,7,1,2,2,2,2,2,5,5,5,5,6,5,6,,,,,,2,4,1,3,3,3,3,1,2,2,2,2,4,1,2,2,2,200,100,24,27,30,1,1,o6fcsmxw,,,,,0
94,55ao4ycf,x40013,0,9,9,finish,FinishPage,2025-10-24 05:01:52.249378,1,,,0.0,94,,0.0,0,4,2,2,2,1,4,4,4,4,6,4,5,4,4,4,,,,,,1,1,1,1,1,1,1,1,1,1,1,1,4,1,1,1,1,205,5,47,4,31,1,1,o6fcsmxw,,,,,0
95,rjm9vp44,x40094,0,9,9,finish,FinishPage,2025-10-24 05:01:55.567323,1,,,0.0,95,,0.0,0,3,3,4,0,5,4,3,5,4,4,4,5,6,3,5,,,,,,2,2,2,2,2,2,2,2,2,3,2,2,4,2,2,2,2,5,5,47,27,29,1,1,o6fcsmxw,,,,,0
96,0975wt3i,x40113,0,9,9,finish,FinishPage,2025-10-24 05:01:56.091164,1,,,0.0,96,,0.0,1,5,3,3,2,1,4,4,6,1,5,4,3,4,3,7,,,,,,1,2,1,2,1,2,4,4,4,4,2,4,4,2,4,4,4,10,100,24,27,31,1,1,o6fcsmxw,,,,,0
97,x5yj8l6r,x40110,0,9,9,finish,FinishPage,2025-10-24 05:01:56.341145,1,,,0.0,97,,0.0,0,4,4,1,2,1,4,3,3,2,5,5,4,5,3,6,,,,,,3,4,2,2,3,3,4,4,2,3,3,2,4,3,2,2,3,10,20,21,6,15,1,1,o6fcsmxw,,,,,0
98,7wwqszvh,x40114,0,9,9,finish,FinishPage,2025-10-24 05:01:57.767228,1,,,0.0,98,,0.0,0,3,2,3,0,7,6,7,3,2,3,1,4,5,2,6,,,,,,2,1,3,2,5,1,3,2,2,4,4,1,5,5,2,2,1,30,5,3,5,31,1,1,o6fcsmxw,,,,,0
99,o5avf65l,x40096,0,9,9,finish,FinishPage,2025-10-24 05:01:59.104148,1,,,0.0,99,,0.0,1,4,2,4,0,5,5,4,4,4,5,5,4,3,5,3,,,,,,2,2,3,1,3,2,1,3,3,3,3,3,2,3,2,4,2,410,50,96,27,30,1,1,o6fcsmxw,,,,,0
100,2hho9nc0,x40112,0,9,9,finish,FinishPage,2025-10-24 05:01:59.555605,1,,,0.0,100,,0.0,0,2,1,4,0,4,4,4,4,4,4,4,5,4,4,4,,,,,,3,3,3,3,3,3,3,3,3,3,3,3,4,3,3,3,3,5,5,47,27,29,1,1,o6fcsmxw,,,,,0
101,89z1cd7u,x40048,0,9,9,finish,FinishPage,2025-10-24 05:02:00.757402,1,,,0.0,101,,0.0,0,3,2,4,0,4,4,4,4,4,4,4,5,4,4,4,,,,,,3,3,3,3,3,3,3,3,3,3,3,3,3,3,3,3,3,5,5,47,27,29,1,1,o6fcsmxw,,,,,0
102,vtrtder4,x40014,0,9,9,finish,FinishPage,2025-10-24 05:02:01.166374,1,,,0.0,102,,0.0,1,2,2,4,2,1,7,1,7,4,4,4,5,7,4,7,,,,,,1,1,1,2,2,1,1,1,3,3,2,2,4,1,1,4,2,10,100,24,27,30,1,1,o6fcsmxw,,,,,0
103,jw2nskj0,x40111,0,9,9,finish,FinishPage,2025-10-24 05:02:02.704968,1,,,0.0,103,,0.0,0,4,2,1,2,3,3,4,4,5,3,4,5,3,5,5,,,,,,1,1,1,1,2,1,1,1,1,1,2,1,4,1,1,2,1,10,1,47,27,29,1,1,o6fcsmxw,,,,,0
104,0wnudc89,x40119,0,9,9,finish,FinishPage,2025-10-24 05:02:12.536619,1,,,0.0,104,,0.0,1,2,7,3,2,3,5,5,5,5,6,4,5,5,2,4,,,,,,2,4,3,3,5,3,3,3,5,3,4,2,4,1,3,4,1,300,50,30,60,30,1,1,o6fcsmxw,,,,,0
105,pm8hk0q4,x40120,0,9,9,finish,FinishPage,2025-10-24 05:02:18.556900,1,,,0.0,105,,0.0,0,3,1,4,0,6,1,7,2,6,2,5,5,2,6,3,,,,,,3,1,3,3,1,3,3,2,2,4,4,2,4,2,1,4,1,5,5,47,27,29,1,1,o6fcsmxw,,,,,0
106,mxn7kpuy,x40121,0,9,9,finish,FinishPage,2025-10-24 05:02:20.732224,1,,,0.0,106,,0.0,0,4,2,2,0,4,1,4,4,4,4,4,5,4,4,4,,,,,,1,1,1,1,1,1,1,1,1,1,1,1,4,1,1,1,1,10,5,24,27,31,1,1,o6fcsmxw,,,,,0
107,c5ykm6ky,x40118,0,9,9,finish,FinishPage,2025-10-24 05:02:20.873946,1,,,0.0,107,,0.0,0,2,2,4,2,1,5,3,6,5,7,3,5,2,6,3,,,,,,1,1,1,1,1,1,1,1,3,2,1,1,4,1,1,3,1,10,5,47,27,29,1,1,o6fcsmxw,,,,,0
108,6fx4uffi,x40123,0,9,9,finish,FinishPage,2025-10-24 05:02:27.077785,1,,,0.0,108,,0.0,1,5,2,3,0,4,4,4,4,3,3,4,5,5,4,6,,,,,,3,3,3,3,3,3,3,3,3,3,3,3,4,3,3,3,3,10,5,47,27,29,1,1,o6fcsmxw,,,,,0
109,hjuir0b2,x40122,0,9,9,finish,FinishPage,2025-10-24 05:02:32.304460,1,,,0.0,109,,0.0,0,3,3,4,2,2,5,3,6,5,5,5,5,3,5,4,,,,,,1,3,3,3,1,1,3,3,3,2,3,3,4,3,2,4,3,5,5,47,27,31,1,1,o6fcsmxw,,,,,0
110,qjiixy3k,x40125,0,9,9,finish,FinishPage,2025-10-24 05:02:32.458867,1,,,0.0,110,,0.0,1,3,4,4,2,6,2,4,1,6,2,5,5,5,5,2,,,,,,3,3,1,4,4,2,2,3,4,4,2,3,4,2,5,4,5,5,20,24,27,29,1,1,o6fcsmxw,,,,,0
111,83lp1try,x40124,0,9,9,finish,FinishPage,2025-10-24 05:02:34.678144,1,,,0.0,111,,0.0,1,4,2,3,0,2,2,4,5,3,5,5,5,4,5,5,,,,,,2,3,4,3,3,2,2,4,4,3,3,3,4,4,2,4,4,5,5,47,27,29,1,1,o6fcsmxw,,,,,0
112,yvip2cfx,x40127,0,9,9,finish,FinishPage,2025-10-24 05:02:37.779090,1,,,0.0,112,,0.0,1,4,2,2,0,2,2,1,7,3,6,5,5,7,2,5,,,,,,3,3,4,4,3,3,3,4,4,5,4,4,4,4,4,3,4,10,1,23,27,31,1,1,o6fcsmxw,,,,,0
113,w4d87361,x40126,0,9,9,finish,FinishPage,2025-10-24 05:02:38.106362,1,,,0.0,113,,0.0,1,3,5,3,2,4,4,4,3,4,4,4,4,4,4,4,,,,,,3,3,3,3,3,3,3,3,3,3,3,3,3,3,3,3,3,10,10,24,10,10,1,1,o6fcsmxw,,,,,0
114,hm44qnny,x40128,0,9,9,finish,FinishPage,2025-10-24 05:02:41.594197,1,,,0.0,114,,0.0,1,3,7,4,0,3,1,4,4,3,4,4,5,4,4,4,,,,,,1,1,1,1,1,1,1,1,1,1,1,1,2,1,1,1,1,10,100,47,27,29,1,1,o6fcsmxw,,,,,0
115,yojxkten,x40130,0,9,9,finish,FinishPage,2025-10-24 05:02:47.456657,1,,,0.0,115,,0.0,1,3,3,1,2,1,2,6,3,2,6,6,5,2,5,6,,,,,,1,3,2,3,2,1,3,2,3,2,2,2,4,1,2,2,2,5,5,47,27,29,1,1,o6fcsmxw,,,,,0
116,l1k2fwil,x40133,0,9,9,finish,FinishPage,2025-10-24 05:02:55.274620,1,,,0.0,116,,0.0,1,3,3,4,2,1,2,4,6,2,6,5,5,2,5,6,,,,,,2,3,3,3,2,2,1,2,3,2,1,1,2,2,2,3,3,10,5,24,27,29,1,1,o6fcsmxw,,,,,0
117,p9w1qehv,x40134,0,9,9,finish,FinishPage,2025-10-24 05:03:03.577873,1,,,0.0,117,,0.0,0,3,4,2,2,5,6,7,6,3,7,7,5,1,7,3,,,,,,5,5,5,5,5,3,5,5,5,5,5,5,4,5,5,5,5,10,20,47,1,1,1,1,o6fcsmxw,,,,,0
118,gungl0ee,x40131,0,9,9,finish,FinishPage,2025-10-24 05:03:05.498130,1,,,0.0,118,,0.0,0,3,4,4,2,1,7,1,7,1,7,1,5,7,1,7,,,,,,4,2,1,1,3,2,2,1,4,4,5,2,4,2,4,5,4,5,5,24,27,29,1,1,o6fcsmxw,,,,,0
119,pmvbdw1u,x40135,0,9,9,finish,FinishPage,2025-10-24 05:03:06.311020,1,,,0.0,119,,0.0,0,3,2,4,0,2,6,2,6,5,6,3,5,6,2,6,,,,,,2,3,2,3,3,3,2,2,3,3,3,2,2,2,3,4,2,5,5,47,27,29,1,1,o6fcsmxw,,,,,0
120,2sfgbgmk,x40136,0,9,9,finish,FinishPage,2025-10-24 05:03:07.341390,1,,,0.0,120,,0.0,0,3,4,4,0,1,1,1,2,2,5,2,5,5,5,5,,,,,,1,2,1,1,1,1,1,1,1,1,1,1,4,1,1,1,1,5,5,24,27,29,1,1,o6fcsmxw,,,,,0
121,ubh9qs0h,x40137,0,9,9,finish,FinishPage,2025-10-24 05:03:08.597374,1,,,0.0,121,,0.0,0,3,4,1,0,3,5,3,3,2,3,5,5,5,5,5,,,,,,2,2,1,3,4,2,2,1,4,4,2,2,4,1,2,4,4,10,5,47,27,29,1,1,o6fcsmxw,,,,,0
122,wf3pg853,x40132,0,9,9,finish,FinishPage,2025-10-24 05:03:10.938909,1,,,0.0,122,,0.0,0,2,2,4,0,2,3,2,5,5,6,5,5,4,5,4,,,,,,2,1,2,1,1,1,1,1,2,1,1,1,4,2,1,2,1,5,5,47,27,29,1,1,o6fcsmxw,,,,,0
123,kvq6mgcv,x40139,0,9,9,finish,FinishPage,2025-10-24 05:03:13.360593,1,,,0.0,123,,0.0,0,3,7,4,1,5,4,6,5,5,5,5,5,1,4,2,,,,,,3,3,3,3,3,4,2,4,3,3,3,3,4,4,4,3,4,205,5,24,27,29,1,1,o6fcsmxw,,,,,0
124,feq8d3yi,x40140,0,9,9,finish,FinishPage,2025-10-24 05:03:16.857425,1,,,0.0,124,,0.0,0,4,4,0,2,2,3,1,7,3,6,4,5,7,2,7,,,,,,1,2,1,3,3,2,2,1,3,4,1,2,4,3,2,2,3,5,5,47,27,29,1,1,o6fcsmxw,,,,,0
125,zsv6wcb7,x40142,0,9,9,finish,FinishPage,2025-10-24 05:03:20.226548,1,,,0.0,125,,0.0,0,4,3,4,0,3,2,5,6,6,5,5,5,3,4,3,,,,,,1,2,2,2,2,1,1,2,3,2,1,1,4,2,1,2,1,205,5,47,27,30,1,1,o6fcsmxw,,,,,0
126,d8pzx7ph,x40143,0,9,9,finish,FinishPage,2025-10-24 05:03:21.222303,1,,,0.0,126,,0.0,1,3,3,3,0,1,5,3,5,4,3,3,5,3,3,3,,,,,,2,2,2,2,2,2,2,2,2,2,2,2,4,2,2,2,2,5,5,47,27,29,1,1,o6fcsmxw,,,,,0
127,bkw81l3h,x40138,0,9,9,finish,FinishPage,2025-10-24 05:03:23.139947,1,,,0.0,127,,0.0,0,4,2,4,1,1,2,3,6,4,4,4,5,6,2,7,,,,,,5,5,1,5,5,5,5,1,3,5,4,5,4,4,4,2,5,10,5,47,27,29,1,1,o6fcsmxw,,,,,0
128,o1tlspe4,x40144,0,0,9,,,,1,,,0.0,128,,0.0,,,,,,,,,,,,,,,,,,,,,,,,,,,,,,,,,,,,,,,,,,,,1,1,o6fcsmxw,,,,,0
129,ly66bh5d,x40145,0,9,9,finish,FinishPage,2025-10-24 05:03:25.076055,1,,,0.0,129,,0.0,0,4,4,5,0,4,3,5,3,6,3,5,5,4,6,3,,,,,,2,2,2,2,2,2,2,2,4,2,2,2,4,2,2,2,2,10,5,47,27,31,1,1,o6fcsmxw,,,,,0
130,60bkccz3,x40149,0,9,9,finish,FinishPage,2025-10-24 05:03:29.303655,1,,,0.0,130,,0.0,0,3,2,5,0,3,2,5,3,1,5,5,5,3,5,6,,,,,,2,2,2,2,2,1,1,1,2,2,2,2,4,2,1,2,1,5,5,47,27,31,1,1,o6fcsmxw,,,,,0
131,3bqejxo6,x40146,0,1,9,introduction,IntroductionPage,2025-10-24 05:03:29.273792,1,,,0.0,131,,0.0,,,,,,,,,,,,,,,,,,,,,,,,,,,,,,,,,,,,,,,,,,,,1,1,o6fcsmxw,,,,,0
132,xpehidno,x40147,0,9,9,finish,FinishPage,2025-10-24 05:03:30.662462,1,,,0.0,132,,0.0,0,4,4,4,0,6,1,3,1,3,1,6,5,1,6,3,,,,,,1,1,1,2,1,1,1,1,4,2,1,1,4,1,2,1,1,5,5,47,27,29,1,1,o6fcsmxw,,,,,0
133,xr496dw4,x40148,0,9,9,finish,FinishPage,2025-10-24 05:03:30.900696,1,,,0.0,133,,0.0,1,4,3,2,0,3,2,4,5,3,5,4,5,5,5,5,,,,,,3,2,3,2,2,2,2,3,3,2,2,2,4,2,2,2,2,10,100,24,27,29,1,1,o6fcsmxw,,,,,0
134,01jmsd3g,x40150,0,9,9,finish,FinishPage,2025-10-24 05:03:35.994382,1,,,0.0,134,,0.0,0,3,3,4,2,6,2,5,2,4,3,5,5,2,6,4,,,,,,3,3,3,3,3,3,3,3,3,3,3,3,4,3,3,3,3,5,5,47,27,29,1,1,o6fcsmxw,,,,,0
135,eh97eey7,x40151,0,1,9,introduction,IntroductionPage,2025-10-24 05:03:39.496430,1,,,0.0,135,,0.0,,,,,,,,,,,,,,,,,,,,,,,,,,,,,,,,,,,,,,,,,,,,1,1,o6fcsmxw,,,,,0
136,o959nqle,x40154,0,9,9,finish,FinishPage,2025-10-24 05:03:44.687764,1,,,0.0,136,,0.0,0,4,8,4,2,4,3,4,3,4,4,4,5,3,5,3,,,,,,3,5,1,5,4,3,5,1,5,5,3,5,4,3,2,5,5,10,5,24,27,29,1,1,o6fcsmxw,,,,,0
137,dhylh1v8,x40155,0,2,9,loss_aversion,StartPage,2025-10-24 05:03:45.560851,1,,,0.0,137,,0.0,,,,,,,,,,,,,,,,,,,,,,,,,,,,,,,,,,,,,,,,,,,,1,1,o6fcsmxw,,,,,0
138,uex68oh9,x40025,0,9,9,finish,FinishPage,2025-10-24 05:03:46.150682,1,,,0.0,138,,0.0,0,3,1,4,0,2,2,4,5,6,5,5,5,3,4,2,,,,,,1,1,3,4,3,1,2,3,3,4,2,1,4,3,1,4,5,5,5,47,4,29,1,1,o6fcsmxw,,,,,0
139,xqg9kdr0,x40156,0,9,9,finish,FinishPage,2025-10-24 05:03:51.439847,1,,,0.0,139,,0.0,0,3,0,4,2,6,2,6,2,6,2,5,5,2,6,2,,,,,,2,3,2,2,3,2,2,2,4,3,2,2,4,2,2,2,2,10,100,12,27,31,1,1,o6fcsmxw,,,,,0
140,knttt3ql,x40153,0,9,9,finish,FinishPage,2025-10-24 05:03:51.528679,1,,,0.0,140,,0.0,0,3,2,4,0,3,2,5,3,6,6,6,5,2,5,5,,,,,,2,2,1,4,4,3,4,1,4,4,4,4,4,5,4,4,2,5,5,47,27,29,1,1,o6fcsmxw,,,,,0
141,53ja1lct,x40157,0,9,9,finish,FinishPage,2025-10-24 05:03:52.974668,1,,,0.0,141,,0.0,1,1,0,1,2,3,2,5,4,5,4,5,5,5,4,4,,,,,,3,3,4,3,3,3,3,3,3,2,5,3,4,4,3,3,1,10,6,36,2,15,1,1,o6fcsmxw,,,,,0
142,vdj8jv2q,x40072,0,9,9,finish,FinishPage,2025-10-24 05:03:58.067716,1,,,0.0,142,,0.0,0,4,4,4,2,5,1,1,1,6,2,1,5,6,5,7,,,,,,1,4,1,1,1,1,1,1,2,1,1,1,4,1,2,2,1,10,5,47,27,29,1,1,o6fcsmxw,,,,,0
143,a0a2475s,x40152,0,9,9,finish,FinishPage,2025-10-24 05:03:59.651426,1,,,0.0,143,,0.0,1,5,5,1,2,1,1,1,6,1,6,4,5,5,4,5,,,,,,2,3,1,3,2,1,3,1,3,3,1,2,4,4,2,1,3,5,5,47,27,29,1,1,o6fcsmxw,,,,,0
144,9zhn8pht,x40054,0,9,9,finish,FinishPage,2025-10-24 05:03:59.665548,1,,,0.0,144,,0.0,1,3,3,5,0,3,2,5,5,3,5,5,5,5,5,5,,,,,,1,1,1,1,1,1,1,1,1,1,1,1,4,1,1,1,1,10,20,47,27,29,1,1,o6fcsmxw,,,,,0
145,vbhpg0tf,x40159,0,9,9,finish,FinishPage,2025-10-24 05:04:09.342506,1,,,0.0,145,,0.0,0,3,2,4,0,3,3,3,3,5,3,4,5,6,4,5,,,,,,4,4,3,3,3,4,4,3,4,4,3,3,4,3,4,4,4,5,5,47,27,29,1,1,o6fcsmxw,,,,,0
146,wqu68btr,x40160,0,9,9,finish,FinishPage,2025-10-24 05:04:09.967150,1,,,0.0,146,,0.0,0,4,2,4,0,3,2,4,3,4,5,4,5,3,5,4,,,,,,2,2,1,3,2,2,2,1,3,3,2,2,4,1,2,3,2,5,5,47,27,29,1,1,o6fcsmxw,,,,,0
147,1dyga394,x40163,0,9,9,finish,FinishPage,2025-10-24 05:04:18.010342,1,,,0.0,147,,0.0,0,5,2,4,0,1,7,1,7,1,1,1,5,7,1,7,,,,,,1,1,1,1,1,1,1,1,1,1,1,1,4,1,1,1,1,10,5,47,27,29,1,1,o6fcsmxw,,,,,0
148,4argh1wf,x40164,0,9,9,finish,FinishPage,2025-10-24 05:04:20.352145,1,,,0.0,148,,0.0,0,4,2,4,0,1,6,5,4,5,2,1,5,2,4,3,,,,,,1,1,1,2,1,1,1,2,3,1,1,1,4,2,1,2,2,5,5,47,27,29,1,1,o6fcsmxw,,,,,0
149,cn4v0o8u,x40165,0,9,9,finish,FinishPage,2025-10-24 05:04:22.566323,1,,,0.0,149,,0.0,0,3,3,4,0,2,2,5,3,5,6,5,5,3,6,3,,,,,,2,4,1,3,3,3,2,2,4,4,2,3,4,2,2,4,4,5,100,47,27,15,1,1,o6fcsmxw,,,,,0
150,46hj277y,x40166,0,9,9,finish,FinishPage,2025-10-24 05:04:24.956164,1,,,0.0,150,,0.0,1,4,2,1,0,4,1,4,4,4,4,6,5,4,6,4,,,,,,3,3,3,3,3,3,3,3,4,3,3,3,4,3,3,3,3,10,5,47,27,30,1,1,o6fcsmxw,,,,,0
151,s71aerru,x40167,0,9,9,finish,FinishPage,2025-10-24 05:04:26.228200,1,,,0.0,151,,0.0,0,3,4,4,2,5,3,2,4,6,4,4,5,5,5,5,,,,,,1,4,3,4,4,3,3,2,2,3,3,3,4,4,3,4,4,10,5,24,27,30,1,1,o6fcsmxw,,,,,0
152,tgw19uyy,x40170,0,9,9,finish,FinishPage,2025-10-24 05:04:43.347408,1,,,0.0,152,,0.0,1,2,2,2,0,3,3,6,5,3,6,5,5,3,6,3,,,,,,1,3,1,1,1,1,1,1,2,4,1,2,4,1,1,4,2,10,5,24,27,30,1,1,o6fcsmxw,,,,,0
153,a1dwijja,x40162,0,9,9,finish,FinishPage,2025-10-24 05:04:44.959702,1,,,0.0,153,,0.0,1,2,2,4,0,3,2,3,5,3,6,5,5,5,5,3,,,,,,3,3,3,3,3,3,3,3,3,3,3,3,4,3,3,3,3,10,100,24,27,30,1,1,o6fcsmxw,,,,,0
154,iionssdq,x40168,0,9,9,finish,FinishPage,2025-10-24 05:04:46.642412,1,,,0.0,154,,0.0,1,2,2,4,2,6,1,4,4,4,6,6,5,4,5,4,,,,,,2,2,2,2,2,2,2,2,1,2,2,2,4,2,2,2,2,110,100,2,2,30,1,1,o6fcsmxw,,,,,0
155,8bv44lrq,x40172,0,9,9,finish,FinishPage,2025-10-24 05:04:51.579233,1,,,0.0,155,,0.0,1,3,4,4,0,3,4,2,5,2,2,2,5,6,3,7,,,,,,3,4,4,2,2,4,2,4,2,2,2,3,4,4,2,4,3,10,5,47,27,29,1,1,o6fcsmxw,,,,,0
156,6tcj2cdh,x40174,0,9,9,finish,FinishPage,2025-10-24 05:04:57.521196,1,,,0.0,156,,0.0,1,2,2,4,0,4,4,4,3,4,5,3,5,4,4,5,,,,,,2,2,3,3,2,3,3,3,3,3,3,3,3,3,2,2,3,10,100,2,6,30,1,1,o6fcsmxw,,,,,0
157,w6hgp1vl,x40175,0,3,9,loss_aversion,DemographicPage,2025-10-24 05:04:58.193763,1,,,0.0,157,,0.0,,,,,,,,,,,,,,,,,,,,,,,,,,,,,,,,,,,,,,,,,,,,1,1,o6fcsmxw,,,,,0
158,84b3pf3z,x40176,0,7,9,loss_aversion,CrtPage,2025-10-24 05:05:02.139489,1,,,0.0,158,,0.0,0,5,6,1,2,6,2,5,5,6,2,6,5,3,3,6,,,,,,4,5,5,4,4,3,4,5,4,4,2,4,4,1,4,4,4,,,,,,1,1,o6fcsmxw,,,,,0
159,7l4ma00w,x40173,0,9,9,finish,FinishPage,2025-10-24 05:05:07.129400,1,,,0.0,159,,0.0,0,4,2,4,2,6,2,6,3,2,2,6,5,1,5,2,,,,,,2,3,2,3,3,3,2,2,3,3,2,2,4,2,2,3,2,10,100,24,8,30,1,1,o6fcsmxw,,,,,0
160,usouar1h,x40178,0,9,9,finish,FinishPage,2025-10-24 05:05:12.376046,1,,,0.0,160,,0.0,0,6,5,4,0,6,1,5,1,5,5,6,5,1,6,1,,,,,,4,5,5,5,4,5,4,5,5,5,5,4,4,5,4,5,5,10,100,47,27,31,1,1,o6fcsmxw,,,,,0
161,zr4icsiu,x40179,0,9,9,finish,FinishPage,2025-10-24 05:05:15.781158,1,,,0.0,161,,0.0,0,4,4,2,0,1,3,7,4,3,6,6,5,1,6,6,,,,,,1,2,1,4,4,1,2,1,3,3,3,3,4,1,2,4,5,5,5,47,27,29,1,1,o6fcsmxw,,,,,0
162,v70ov8km,x40180,0,9,9,finish,FinishPage,2025-10-24 05:05:22.439715,1,,,0.0,162,,0.0,0,5,7,4,0,3,2,5,3,6,5,5,5,3,6,3,,,,,,1,1,1,1,1,1,1,3,1,2,1,1,4,2,1,1,1,5,5,47,27,29,1,1,o6fcsmxw,,,,,0
163,nevr5oo6,x40181,0,9,9,finish,FinishPage,2025-10-24 05:05:25.040538,1,,,0.0,163,,0.0,1,4,2,2,2,3,4,3,5,4,2,3,5,4,3,3,,,,,,2,3,4,4,3,3,3,4,3,3,4,3,4,4,2,4,3,5,5,24,27,29,1,1,o6fcsmxw,,,,,0
164,9ab1hl8e,x40182,0,9,9,finish,FinishPage,2025-10-24 05:05:26.688662,1,,,0.0,164,,0.0,0,2,0,1,0,1,6,3,6,4,3,3,5,5,2,6,,,,,,2,2,1,2,2,3,3,1,4,1,4,3,4,2,3,3,3,10,5,49,27,29,1,1,o6fcsmxw,,,,,0
165,art98gnx,x40184,0,9,9,finish,FinishPage,2025-10-24 05:07:18.618816,1,,,0.0,165,,0.0,0,3,4,1,0,5,1,5,5,4,3,6,5,5,6,5,,,,,,1,1,3,3,3,2,2,3,3,4,3,3,2,2,4,3,3,10,100,24,27,31,1,1,o6fcsmxw,,,,,0
166,4ofbvghi,x40185,0,9,9,finish,FinishPage,2025-10-24 05:05:39.233685,1,,,0.0,166,,0.0,0,4,2,4,2,3,3,5,5,3,5,5,5,5,5,5,,,,,,1,2,1,2,2,2,2,1,3,3,3,2,4,2,2,3,2,5,5,47,27,29,1,1,o6fcsmxw,,,,,0
167,1x8hiaut,x40186,0,9,9,finish,FinishPage,2025-10-24 05:05:40.247396,1,,,0.0,167,,0.0,1,2,2,1,2,2,2,3,6,3,6,5,5,7,5,7,,,,,,2,2,2,2,2,2,2,4,2,4,2,2,4,4,2,1,2,10,20,20,27,30,1,1,o6fcsmxw,,,,,0
168,vbbndlhe,x40187,0,9,9,finish,FinishPage,2025-10-24 05:05:41.026195,1,,,0.0,168,,0.0,1,4,3,3,2,4,4,4,4,3,4,6,5,3,5,3,,,,,,2,3,2,2,2,2,2,2,2,3,3,3,4,4,2,4,5,10,20,47,27,29,1,1,o6fcsmxw,,,,,0
169,po3ip6c7,x40171,0,9,9,finish,FinishPage,2025-10-24 05:05:50.596376,1,,,0.0,169,,0.0,0,4,2,4,0,4,3,2,4,2,4,3,5,5,4,4,,,,,,3,3,3,3,3,3,3,4,3,3,3,3,4,3,2,3,3,10,5,47,27,30,1,1,o6fcsmxw,,,,,0
170,672yjfxy,x40189,0,9,9,finish,FinishPage,2025-10-24 05:05:58.530443,1,,,0.0,170,,0.0,0,3,4,4,2,3,4,4,2,2,5,4,5,6,4,7,,,,,,3,3,1,3,3,3,3,4,2,3,3,1,4,3,3,5,5,5,5,47,27,29,1,1,o6fcsmxw,,,,,0
171,ve0uakmt,x40188,0,9,9,finish,FinishPage,2025-10-24 05:06:02.379528,1,,,0.0,171,,0.0,0,2,1,4,0,1,2,3,4,4,4,4,5,5,4,5,,,,,,1,1,1,1,1,1,1,1,1,1,1,1,4,1,1,1,1,10,100,47,27,29,1,1,o6fcsmxw,,,,,0
172,tjfm41ry,x40129,0,9,9,finish,FinishPage,2025-10-24 05:06:02.918746,1,,,0.0,172,,0.0,0,3,2,4,0,6,5,4,7,3,6,4,5,6,5,5,,,,,,1,1,1,1,1,1,1,1,1,1,1,1,4,1,2,1,2,5,5,47,18,29,1,1,o6fcsmxw,,,,,0
173,3m0o692d,x40191,0,9,9,finish,FinishPage,2025-10-24 05:06:05.279451,1,,,0.0,173,,0.0,1,2,4,4,2,3,6,3,6,6,5,3,5,3,3,6,,,,,,1,5,5,5,5,5,5,5,5,5,5,4,4,5,4,5,4,10,500,24,27,30,1,1,o6fcsmxw,,,,,0
174,kxo2y6ny,x40183,0,9,9,finish,FinishPage,2025-10-24 05:06:08.862349,1,,,0.0,174,,0.0,0,2,2,1,0,1,2,2,6,5,6,2,5,6,5,5,,,,,,1,1,1,1,1,1,1,1,2,2,2,3,4,1,2,2,1,10,5,47,27,31,1,1,o6fcsmxw,,,,,0
175,31b6xvzh,x40190,0,9,9,finish,FinishPage,2025-10-24 05:06:12.473194,1,,,0.0,175,,0.0,0,4,2,4,0,2,1,5,2,7,2,5,5,3,6,1,,,,,,4,2,2,4,4,4,3,2,5,5,5,3,4,2,1,4,4,10,5,47,27,15,1,1,o6fcsmxw,,,,,0
176,wbrhk1ta,x40192,0,9,9,finish,FinishPage,2025-10-24 05:06:12.790037,1,,,0.0,176,,0.0,0,4,0,4,0,1,7,1,7,1,1,1,5,7,1,7,,,,,,4,4,4,4,4,4,4,4,4,4,5,4,4,4,4,4,4,10,5,47,27,29,1,1,o6fcsmxw,,,,,0
177,9hixgf9t,x40193,0,9,9,finish,FinishPage,2025-10-24 05:06:16.350814,1,,,0.0,177,,0.0,0,5,2,4,2,3,3,5,2,2,6,6,5,6,4,3,,,,,,1,1,1,1,1,1,1,3,2,1,1,1,4,3,1,1,1,5,547,47,27,29,1,1,o6fcsmxw,,,,,0
178,xdrcxwr1,x40007,0,9,9,finish,FinishPage,2025-10-24 05:06:34.264445,1,,,0.0,178,,0.0,0,4,7,4,0,3,2,4,5,4,5,4,5,4,4,6,,,,,,1,2,1,2,1,2,3,2,3,3,3,2,4,2,3,4,4,5,5,47,27,29,1,1,o6fcsmxw,,,,,0
179,kh8ekuc4,x40196,0,9,9,finish,FinishPage,2025-10-24 05:06:34.090392,1,,,0.0,179,,0.0,0,5,4,4,2,3,2,4,3,3,4,4,5,2,6,4,,,,,,1,1,1,2,2,1,2,2,3,3,1,2,4,1,2,2,2,50,5,47,27,29,1,1,o6fcsmxw,,,,,0
180,16hszya1,x40197,0,1,9,introduction,IntroductionPage,2025-10-24 05:06:42.495303,1,,,0.0,180,,0.0,,,,,,,,,,,,,,,,,,,,,,,,,,,,,,,,,,,,,,,,,,,,1,1,o6fcsmxw,,,,,0
181,vznvo53e,x40115,0,9,9,finish,FinishPage,2025-10-24 05:06:44.582211,1,,,0.0,181,,0.0,1,2,2,1,2,1,1,6,2,2,6,7,5,1,6,6,,,,,,1,1,1,1,1,1,1,1,1,1,1,1,4,1,1,1,1,5,5,47,27,29,1,1,o6fcsmxw,,,,,0
182,25xxfj76,x40199,0,9,9,finish,FinishPage,2025-10-24 05:06:58.072914,1,,,0.0,182,,0.0,1,3,4,4,2,3,2,4,5,3,5,5,5,5,4,6,,,,,,3,3,3,3,2,2,2,3,4,4,3,3,4,4,3,4,3,10,5,47,27,29,1,1,o6fcsmxw,,,,,0
183,pri8bqcs,x40200,0,9,9,finish,FinishPage,2025-10-24 05:07:01.922270,1,,,0.0,183,,0.0,0,3,4,4,2,3,2,7,1,6,5,2,5,1,7,3,,,,,,1,2,1,1,1,1,1,1,2,1,1,1,4,1,1,1,1,5,5,47,27,29,1,1,o6fcsmxw,,,,,0
184,3yksi639,x40015,0,1,9,introduction,IntroductionPage,2025-10-24 05:07:13.244261,1,,,0.0,184,,0.0,,,,,,,,,,,,,,,,,,,,,,,,,,,,,,,,,,,,,,,,,,,,1,1,o6fcsmxw,,,,,0
185,rcmw4pa2,x40038,0,9,9,finish,FinishPage,2025-10-24 05:08:00.836690,1,,,0.0,185,,0.0,0,3,1,2,0,1,3,5,7,5,7,4,5,5,5,5,,,,,,1,3,2,2,2,1,3,4,4,4,2,2,4,2,2,4,3,5,5,47,27,29,1,1,o6fcsmxw,,,,,0
186,pk6kah2v,x40169,0,1,9,introduction,IntroductionPage,2025-10-24 05:08:56.937562,1,,,0.0,186,,0.0,,,,,,,,,,,,,,,,,,,,,,,,,,,,,,,,,,,,,,,,,,,,1,1,o6fcsmxw,,,,,0
187,gb3cje83,x40116,0,1,9,introduction,IntroductionPage,2025-10-24 05:09:08.095182,1,,,0.0,187,,0.0,,,,,,,,,,,,,,,,,,,,,,,,,,,,,,,,,,,,,,,,,,,,1,1,o6fcsmxw,,,,,0
188,fsdhlhza,x40161,0,9,9,finish,FinishPage,2025-10-24 05:18:36.699719,1,,,0.0,188,,0.0,0,1,5,4,2,2,2,3,5,5,6,5,5,6,5,5,,,,,,1,2,1,2,3,1,2,1,3,3,2,2,4,2,1,3,2,5,5,47,27,29,1,1,o6fcsmxw,,,,,0
189,npezk5rt,,0,0,9,,,,0,,,0.0,189,,0.0,,,,,,,,,,,,,,,,,,,,,,,,,,,,,,,,,,,,,,,,,,,,1,1,o6fcsmxw,,,,,0
190,cdjlggym,,0,0,9,,,,0,,,0.0,190,,0.0,,,,,,,,,,,,,,,,,,,,,,,,,,,,,,,,,,,,,,,,,,,,1,1,o6fcsmxw,,,,,0
191,smldjpf5,,0,0,9,,,,0,,,0.0,191,,0.0,,,,,,,,,,,,,,,,,,,,,,,,,,,,,,,,,,,,,,,,,,,,1,1,o6fcsmxw,,,,,0
192,mmsfi00s,,0,0,9,,,,0,,,0.0,192,,0.0,,,,,,,,,,,,,,,,,,,,,,,,,,,,,,,,,,,,,,,,,,,,1,1,o6fcsmxw,,,,,0
193,wjzht7uy,,0,0,9,,,,0,,,0.0,193,,0.0,,,,,,,,,,,,,,,,,,,,,,,,,,,,,,,,,,,,,,,,,,,,1,1,o6fcsmxw,,,,,0
194,f1q7yt6y,,0,0,9,,,,0,,,0.0,194,,0.0,,,,,,,,,,,,,,,,,,,,,,,,,,,,,,,,,,,,,,,,,,,,1,1,o6fcsmxw,,,,,0
195,0p8xt5jf,,0,0,9,,,,0,,,0.0,195,,0.0,,,,,,,,,,,,,,,,,,,,,,,,,,,,,,,,,,,,,,,,,,,,1,1,o6fcsmxw,,,,,0
196,c5vheow1,,0,0,9,,,,0,,,0.0,196,,0.0,,,,,,,,,,,,,,,,,,,,,,,,,,,,,,,,,,,,,,,,,,,,1,1,o6fcsmxw,,,,,0
197,85a0wjd9,,0,0,9,,,,0,,,0.0,197,,0.0,,,,,,,,,,,,,,,,,,,,,,,,,,,,,,,,,,,,,,,,,,,,1,1,o6fcsmxw,,,,,0
198,vt4fyrtm,,0,0,9,,,,0,,,0.0,198,,0.0,,,,,,,,,,,,,,,,,,,,,,,,,,,,,,,,,,,,,,,,,,,,1,1,o6fcsmxw,,,,,0
199,hk9bnjpo,,0,0,9,,,,0,,,0.0,199,,0.0,,,,,,,,,,,,,,,,,,,,,,,,,,,,,,,,,,,,,,,,,,,,1,1,o6fcsmxw,,,,,0
200,10erk94j,,0,0,9,,,,0,,,0.0,200,,0.0,,,,,,,,,,,,,,,,,,,,,,,,,,,,,,,,,,,,,,,,,,,,1,1,o6fcsmxw,,,,,0
201,xnofcpse,,0,0,9,,,,0,,,0.0,201,,0.0,,,,,,,,,,,,,,,,,,,,,,,,,,,,,,,,,,,,,,,,,,,,1,1,o6fcsmxw,,,,,0
202,m1jgbmi9,,0,0,9,,,,0,,,0.0,202,,0.0,,,,,,,,,,,,,,,,,,,,,,,,,,,,,,,,,,,,,,,,,,,,1,1,o6fcsmxw,,,,,0
203,endtajub,,0,0,9,,,,0,,,0.0,203,,0.0,,,,,,,,,,,,,,,,,,,,,,,,,,,,,,,,,,,,,,,,,,,,1,1,o6fcsmxw,,,,,0
204,e58p7nl0,,0,0,9,,,,0,,,0.0,204,,0.0,,,,,,,,,,,,,,,,,,,,,,,,,,,,,,,,,,,,,,,,,,,,1,1,o6fcsmxw,,,,,0
205,tfxvsjbr,,0,0,9,,,,0,,,0.0,205,,0.0,,,,,,,,,,,,,,,,,,,,,,,,,,,,,,,,,,,,,,,,,,,,1,1,o6fcsmxw,,,,,0
206,37bbhyjn,,0,0,9,,,,0,,,0.0,206,,0.0,,,,,,,,,,,,,,,,,,,,,,,,,,,,,,,,,,,,,,,,,,,,1,1,o6fcsmxw,,,,,0
207,fus5r3y0,,0,0,9,,,,0,,,0.0,207,,0.0,,,,,,,,,,,,,,,,,,,,,,,,,,,,,,,,,,,,,,,,,,,,1,1,o6fcsmxw,,,,,0
208,7nq01lk3,,0,0,9,,,,0,,,0.0,208,,0.0,,,,,,,,,,,,,,,,,,,,,,,,,,,,,,,,,,,,,,,,,,,,1,1,o6fcsmxw,,,,,0
209,l95y02pv,,0,0,9,,,,0,,,0.0,209,,0.0,,,,,,,,,,,,,,,,,,,,,,,,,,,,,,,,,,,,,,,,,,,,1,1,o6fcsmxw,,,,,0
210,xvshm23f,,0,0,9,,,,0,,,0.0,210,,0.0,,,,,,,,,,,,,,,,,,,,,,,,,,,,,,,,,,,,,,,,,,,,1,1,o6fcsmxw,,,,,0
