participant.id_in_session,participant.code,participant.label,participant._is_bot,participant._index_in_pages,participant._max_page_index,participant._current_app_name,participant._current_page_name,participant.time_started_utc,participant.visited,participant.mturk_worker_id,participant.mturk_assignment_id,participant.payoff,player.id_in_group,player.role,player.payoff,player.nudge_message,player.q_gender,player.q_age,player.q_area,player.q_education,player.q_device,player.big5_1,player.big5_2,player.big5_3,player.big5_4,player.big5_5,player.big5_6,player.big5_7,player.big5_IMC,player.big5_8,player.big5_9,player.big5_10,player.Gaiko,player.Kyocho,player.Kinben,player.Shinkei,player.Kaiho,player.inboron1,player.inboron2,player.inboron3,player.inboron4,player.inboron5,player.inboron6,player.inboron7,player.inboron8,player.inboron9,player.inboron10,player.inboron11,player.inboron12,player.inboronIMC,player.inboron13,player.inboron14,player.inboron15,player.inboron16,player.crt_bat,player.crt_widget,player.crt_lake,player.crt_DQS,player.crt_rank,group.id_in_subsession,subsession.round_number,session.code,session.label,session.mturk_HITId,session.mturk_HITGroupId,session.comment,session.is_demo
1,ittthzcv,x50020,0,9,9,finish,FinishPage,2025-10-24 05:00:44.199751,1,,,0.0,1,,0.0,あなたの回答は、重要な研究の一部となります。誠実にお答えいただくことで、より正確な結果が得られ、社会に大きく貢献します。明確で正直な回答をお願いします。,0,3,4,4,0,6,5,2,5,5,3,4,5,2,5,6,,,,,,3,2,3,3,3,2,3,3,4,4,2,2,4,3,3,3,3,5,5,47,27,29,1,1,yhm6s5w5,,,,,0
2,l6enakdq,x50027,0,9,9,finish,FinishPage,2025-10-24 05:00:44.580382,1,,,0.0,2,,0.0,あなたの回答は、データの質を左右する重要なものです。誠実に答えることで、より正確な結果が得られ、皆にとって有益な情報が生まれます。信頼を築きましょう。,1,4,2,2,2,3,6,6,5,3,2,7,5,3,4,4,,,,,,2,2,3,4,4,3,3,4,4,4,4,4,4,4,4,4,4,5,5,47,27,29,1,1,yhm6s5w5,,,,,0
3,e06ltkrj,x50002,0,9,9,finish,FinishPage,2025-10-24 05:00:44.674899,1,,,0.0,3,,0.0,あなたの正直な回答が、より良いサービス改善のカギとなります。皆様のご協力で社会全体を前進させましょう。お互いの信頼のもと、真実の声をお待ちしています。,0,3,3,1,0,6,3,4,4,7,4,4,5,4,4,4,,,,,,1,1,1,1,1,1,1,1,1,1,1,1,1,1,1,1,1,5,5,47,6,29,1,1,yhm6s5w5,,,,,0
4,jw8d59ie,x50031,0,9,9,finish,FinishPage,2025-10-24 05:00:45.152300,1,,,0.0,4,,0.0,ご協力ありがとうございます。誠実なご回答は、より正確で役立つデータの収集に繋がります。ご意見は大変重要で、貴重な情報源として大切に扱います。,1,4,5,4,2,3,3,4,1,3,3,4,5,1,4,3,,,,,,2,2,2,2,2,2,2,1,2,4,2,2,4,2,3,2,2,10,500,24,27,30,1,1,yhm6s5w5,,,,,0
5,2tp8rpo1,x50007,0,9,9,finish,FinishPage,2025-10-24 05:00:45.392154,1,,,0.0,5,,0.0,あなたの誠実な回答が、この調査の信頼性を高めます。正確なデータは、より良い意思決定に繋がります。ぜひ、ご協力をお願いします。,0,2,2,1,0,1,7,1,4,4,7,1,5,7,4,7,,,,,,1,1,1,1,1,1,1,1,1,1,1,1,4,1,1,1,1,10,500,24,27,30,1,1,yhm6s5w5,,,,,0
6,0u6o4wnl,x50026,0,9,9,finish,FinishPage,2025-10-24 05:00:45.636080,1,,,0.0,6,,0.0,皆様の誠実な回答は、より良い結果と正しい理解の鍵となります。ご協力いただけることで、より良い意思決定につながりますので、正直な回答をお願いいたします。,1,4,2,4,2,2,3,1,7,2,3,4,5,6,2,6,,,,,,2,3,2,2,3,2,2,4,2,4,3,4,4,4,4,5,3,10,5,47,27,29,1,1,yhm6s5w5,,,,,0
7,6rwe3s9j,x50034,0,9,9,finish,FinishPage,2025-10-24 05:00:45.838911,1,,,0.0,7,,0.0,あなたの誠実な回答は、調査の信用と成果に大きく貢献します。すべての回答が大切です。正直に答えていただけると、より正確な結果につながります。ご協力感謝します。,0,1,4,1,2,2,2,3,1,3,7,2,5,6,2,2,,,,,,1,1,1,1,1,1,1,1,4,1,1,1,4,1,1,1,1,10,5,47,27,30,1,1,yhm6s5w5,,,,,0
8,w1n7e2ju,x50008,0,9,9,finish,FinishPage,2025-10-24 05:00:46.334971,1,,,0.0,8,,0.0,皆さんの誠実な回答が、より良い社会やサービスの改善に繋がります。一人ひとりの真実の声が集まることが、とても大切です。どうぞ、正直にご協力ください。,0,4,2,1,0,6,1,6,3,5,4,5,5,1,6,4,,,,,,1,3,3,2,2,2,2,4,4,2,2,2,4,2,2,3,3,10,5,47,6,29,1,1,yhm6s5w5,,,,,0
9,yc2j0vs7,x50009,0,9,9,finish,FinishPage,2025-10-24 05:00:46.481112,1,,,0.0,9,,0.0,このアンケートは、あなたの貴重な意見を真摯にお聞きしたいと考えています。誠実な回答をしていただくことで、データの精度と有用性が向上し、皆様により良いサービスを提供できます。,0,3,4,4,0,2,1,4,5,5,6,5,5,2,7,3,,,,,,1,4,4,4,1,1,2,4,1,4,2,4,2,1,2,3,4,5,5,47,27,29,1,1,yhm6s5w5,,,,,0
10,qr7yw1lg,x50001,0,9,9,finish,FinishPage,2025-10-24 05:00:46.775758,1,,,0.0,10,,0.0,「あなたの誠実な回答が、この調査の信頼性を高めます。すべての意見は価値があり、私たちに新たな気づきをもたらします。本当にありがとうございます。」,1,1,4,4,0,1,1,6,7,4,7,5,5,5,4,4,,,,,,3,2,3,2,1,2,2,1,2,1,2,2,4,1,2,3,1,5,5,47,5,29,1,1,yhm6s5w5,,,,,0
11,sqni29m6,x50005,0,9,9,finish,FinishPage,2025-10-24 05:00:46.712784,1,,,0.0,11,,0.0,あなたの真実の声が、私たちの未来を形作ります。誠実な回答で、より良い社会の実現にご協力をお願いします。あなたの意見が鍵です。,1,4,4,3,0,1,4,5,7,3,4,4,5,2,3,5,,,,,,2,3,1,3,2,2,2,2,4,4,4,3,4,2,4,4,3,10,5,47,27,29,1,1,yhm6s5w5,,,,,0
12,i3yp9sg0,x50006,0,9,9,finish,FinishPage,2025-10-24 05:00:47.801424,1,,,0.0,12,,0.0,あなたの意見が本当に必要とされています。あなたの誠実な回答は、サービス向上や社会の改善に直接つながります。皆さんが正直であるほど、より良い変化が生まれます。,1,3,7,4,0,4,4,4,7,2,4,5,5,2,4,2,,,,,,1,1,3,1,1,1,1,3,2,1,1,1,4,1,1,1,1,5,5,47,27,29,1,1,yhm6s5w5,,,,,0
13,7h1uovx0,x50017,0,9,9,finish,FinishPage,2025-10-24 05:00:47.632173,1,,,0.0,13,,0.0,ご回答はより良い製品やサービスの向上に役立ちます。誠実な意見をお寄せいただくことで、皆様の体験がより豊かなものになります。,0,3,2,1,0,4,2,5,4,4,3,5,5,2,5,4,,,,,,3,3,3,3,3,3,3,2,3,3,3,3,4,2,3,3,3,10,5,47,27,29,1,1,yhm6s5w5,,,,,0
14,ozypq5ie,x50013,0,9,9,finish,FinishPage,2025-10-24 05:00:47.691302,1,,,0.0,14,,0.0,あなたの回答は、私たちのプロジェクトの成功に大きな影響を与えます。正直な回答が、より良いサービスや製品の開発に繋がります。ご協力をお願いいたします。,0,3,2,4,0,4,4,4,4,4,4,4,5,4,4,2,,,,,,3,3,3,3,3,3,3,3,3,3,3,3,4,3,3,3,3,5,5,47,27,29,1,1,yhm6s5w5,,,,,0
15,n6kl2v24,x50022,0,9,9,finish,FinishPage,2025-10-24 05:00:47.716440,1,,,0.0,15,,0.0,あなたの回答は、私たちのサービス向上に直結します。正確で誠実なフィードバックは、より良い結果を生み出し、あなたにとっても有益です。ありがとうございます。,0,3,3,2,0,5,2,4,2,3,3,5,5,4,5,4,,,,,,1,3,3,4,3,3,3,3,3,3,3,3,4,3,3,3,2,10,5,24,27,30,1,1,yhm6s5w5,,,,,0
16,5ba8d9q6,x50018,0,9,9,finish,FinishPage,2025-10-24 05:00:48.570502,1,,,0.0,16,,0.0,「あなたの正直な回答が、より良い結果を生み出します。全員の回答は匿名で集計されますので、安心して心の声をお聞かせください。」,1,3,2,0,2,1,1,1,2,1,7,6,5,6,2,7,,,,,,3,3,3,3,3,3,3,4,3,3,3,3,4,3,3,3,3,10,50,5,3,15,1,1,yhm6s5w5,,,,,0
17,hzbteebm,x50032,0,9,9,finish,FinishPage,2025-10-24 05:00:48.912733,1,,,0.0,17,,0.0,あなたの誠実な回答が、より良いサービス提供に繋がります。他の回答者と情報を共有し、信頼性の高いデータを共に作り上げましょう。ご協力をお願いします。,0,5,3,4,0,4,2,5,3,2,5,6,5,3,6,4,,,,,,1,3,1,3,1,1,1,2,3,2,2,2,4,1,1,2,3,5,5,47,27,29,1,1,yhm6s5w5,,,,,0
18,dvmhpqzf,x50025,0,9,9,finish,FinishPage,2025-10-24 05:00:49.065053,1,,,0.0,18,,0.0,あなたの正直な回答が、より良いサービスのために不可欠です。すべての意見が大切ですので、真摯なフィードバックをお願いいたします。,1,3,3,4,0,3,5,5,5,6,6,6,5,3,5,5,,,,,,3,3,3,4,3,3,3,3,4,4,3,3,4,4,4,4,4,5,10,96,11,30,1,1,yhm6s5w5,,,,,0
19,gi2rqu4j,x50021,0,9,9,finish,FinishPage,2025-10-24 05:00:49.229463,1,,,0.0,19,,0.0,あなたの誠実な回答は、日本中の重要な決定に貢献します。正直に答えることで、より良い未来づくりに参加しませんか？あなたの声が大切です。,0,4,4,5,0,2,4,5,4,2,4,4,5,3,4,6,,,,,,2,3,3,3,3,2,2,3,3,3,2,2,4,3,2,3,3,5,5,47,27,29,1,1,yhm6s5w5,,,,,0
20,k1skicdp,x50023,0,9,9,finish,FinishPage,2025-10-24 05:00:49.170092,1,,,0.0,20,,0.0,このアンケートは、重要な意思決定の基礎となります。皆様の誠実な回答が、より良い未来を形作ります。正確な意見で共に社会を改善しましょう。,0,4,4,4,0,6,3,4,3,4,2,4,5,3,6,4,,,,,,1,1,1,1,1,1,1,1,2,1,1,2,4,1,1,2,1,5,5,47,27,29,1,1,yhm6s5w5,,,,,0
21,nhwpiur9,x50028,0,1,9,introduction,IntroductionPage,2025-10-24 05:00:49.437848,1,,,0.0,21,,0.0,アンケート調査では設問と関係のない回答や設問をよく読まない不真面目な回答が問題となっております。,,,,,,,,,,,,,,,,,,,,,,,,,,,,,,,,,,,,,,,,,,,,1,1,yhm6s5w5,,,,,0
22,5pd49g7z,x50029,0,9,9,finish,FinishPage,2025-10-24 05:00:49.802429,1,,,0.0,22,,0.0,あなたの意見が未来を創ります。正直な回答を大切にし、よりよい結果を目指しましょう。誠実な回答が、あなた自身や他の参加者にとって有益です。,0,4,3,4,2,6,2,6,2,4,3,6,5,2,6,4,,,,,,3,3,3,4,4,3,4,4,4,4,4,4,4,4,4,4,5,10,5,23,27,29,1,1,yhm6s5w5,,,,,0
23,ulro8aeg,x50046,0,9,9,finish,FinishPage,2025-10-24 05:00:49.654575,1,,,0.0,23,,0.0,あなたの回答は調査の信頼性を高めるために非常に重要です。誠実かつ正確に答えることで、より良い意思決定に貢献できます。ご協力をお願いします。,0,4,4,4,2,3,4,4,3,4,4,2,5,4,3,4,,,,,,2,3,3,3,2,3,3,3,3,3,2,3,3,3,2,2,3,10,100,47,4,15,1,1,yhm6s5w5,,,,,0
24,7p87xa5i,x50038,0,9,9,finish,FinishPage,2025-10-24 05:00:49.790250,1,,,0.0,24,,0.0,あなたの正直な回答が、この調査の質を高め、私たちの社会をより良くします。皆さんの誠実な声を、ぜひお聞かせください。,0,4,3,5,2,3,2,1,1,5,4,2,5,6,4,2,,,,,,1,1,1,1,1,1,1,1,1,1,1,1,4,1,1,1,1,5,5,49,27,29,1,1,yhm6s5w5,,,,,0
25,g7nz8981,x50041,0,9,9,finish,FinishPage,2025-10-24 05:00:49.803811,1,,,0.0,25,,0.0,「あなたの正直な回答が、より良い未来を築くための重要な一歩となります。他の参加者も心からの回答を心掛けています。ぜひご協力ください。」,1,1,2,4,0,4,2,6,2,2,5,5,5,2,6,2,,,,,,3,4,4,4,3,3,4,3,4,3,4,3,4,4,3,3,3,10,5,24,27,30,1,1,yhm6s5w5,,,,,0
26,edff7j4g,x50045,0,9,9,finish,FinishPage,2025-10-24 05:00:50.059528,1,,,0.0,26,,0.0,ご協力ありがとうございます。あなたの誠実な回答が、重要な洞察を導き組織や社会の改善に寄与します。あなたの声を大切にしています。,1,4,3,4,0,2,2,4,3,5,5,4,5,4,5,4,,,,,,2,2,3,2,2,2,2,3,3,2,2,2,4,2,2,2,2,10,5,47,27,29,1,1,yhm6s5w5,,,,,0
27,hl4nl76p,x50043,0,9,9,finish,FinishPage,2025-10-24 05:00:50.481311,1,,,0.0,27,,0.0,あなたの誠実な回答が、より良い結果を生むことに貢献します。多くの人が正直に回答しています。あなたの率直な意見が必要です。,0,4,7,4,0,2,2,5,5,2,6,3,5,2,6,5,,,,,,1,1,1,2,1,1,1,1,1,5,1,1,4,1,1,1,1,5,5,24,27,29,1,1,yhm6s5w5,,,,,0
28,vzcqtoe5,x50040,0,9,9,finish,FinishPage,2025-10-24 05:00:50.917243,1,,,0.0,28,,0.0,あなたの誠実な回答は、調査結果の信頼性を高めます。一人ひとりの真実の声が、より良い意思決定に役立ちます。参加のご協力をお願いいたします。,1,2,2,0,2,2,3,2,6,3,5,3,5,5,3,5,,,,,,3,4,4,4,4,4,3,4,4,4,4,4,4,4,4,4,4,10,5,24,27,31,1,1,yhm6s5w5,,,,,0
29,m4tavcum,x50050,0,9,9,finish,FinishPage,2025-10-24 05:00:51.409465,1,,,0.0,29,,0.0,ご協力ありがとうございます。正直な回答は、より良いサービス改善に直結します。あなたの貴重な意見が大切ですので、率直なご意見をお聞かせください。,0,5,1,1,0,5,3,3,3,5,3,5,5,3,5,3,,,,,,2,2,2,2,3,2,2,2,3,4,3,3,4,2,2,2,2,5,5,36,27,29,1,1,yhm6s5w5,,,,,0
30,h80wnaw8,x50051,0,9,9,finish,FinishPage,2025-10-24 05:00:51.555960,1,,,0.0,30,,0.0,あなたの回答は、私たちがより良いサービスを提供するために重要です。誠実にお答えいただくことで、より多くの人々が恩恵を受けられます。,0,6,3,1,2,4,1,6,4,2,2,5,5,1,6,3,,,,,,1,2,1,2,2,1,1,3,2,2,1,2,4,3,2,2,2,10,20,24,27,30,1,1,yhm6s5w5,,,,,0
31,01zpne2l,x50059,0,9,9,finish,FinishPage,2025-10-24 05:00:51.748862,1,,,0.0,31,,0.0,あなたの誠実な回答が、この調査の信頼性を支えています。正直な意見を共有いただけると、とても助かります。協力に心から感謝いたします。,0,3,6,1,0,3,2,5,3,5,5,6,5,5,5,5,,,,,,1,2,2,2,2,2,2,2,4,4,2,2,4,2,2,2,2,5,5,47,27,29,1,1,yhm6s5w5,,,,,0
32,hinq6qx2,x50042,0,9,9,finish,FinishPage,2025-10-24 05:00:52.006089,1,,,0.0,32,,0.0,ご協力ありがとうございます。大切なあなたの声は、正確な結果に不可欠です。あなたの誠実な回答が、より良い未来を築く力になります。一緒に信頼できるデータを作りましょう。,0,5,4,5,0,3,3,5,5,3,5,5,5,2,5,3,,,,,,2,2,2,3,3,2,4,2,4,4,4,4,4,3,3,4,4,5,5,47,4,29,1,1,yhm6s5w5,,,,,0
33,9zc9xi1o,x50035,0,9,9,finish,FinishPage,2025-10-24 05:00:52.670883,1,,,0.0,33,,0.0,あなたの誠実な回答が、この研究の成功と社会の進歩に繋がります。正直な意見を共有することで、より良い未来を共に築きましょう。,1,2,2,4,2,2,3,3,4,5,4,4,5,4,3,5,,,,,,3,3,3,3,3,3,3,3,3,3,4,3,4,3,3,4,3,5,5,47,27,29,1,1,yhm6s5w5,,,,,0
34,4h8c17nb,x50049,0,9,9,finish,FinishPage,2025-10-24 05:00:53.075796,1,,,0.0,34,,0.0,あなたの誠実な回答が、より良い社会を築く力になります。正直な答えをいただけると、データの信頼性が高まり、意味のある成果をもたらします。,1,5,3,5,0,3,3,3,3,6,1,3,5,7,5,2,,,,,,3,3,3,3,3,3,3,3,4,4,3,3,4,3,2,4,2,10,5,47,27,29,1,1,yhm6s5w5,,,,,0
35,39hddxyv,x50068,0,9,9,finish,FinishPage,2025-10-24 05:00:54.331123,1,,,0.0,35,,0.0,あなたの誠実な回答は、このアンケートの質を向上させます。他の回答者の協力と共に、より良い結果を生むために、正確な情報を心がけてください。,0,3,2,1,2,2,3,6,5,3,5,6,5,3,5,6,,,,,,1,1,1,3,3,2,1,1,3,3,1,1,4,1,3,3,3,10,5,24,27,30,1,1,yhm6s5w5,,,,,0
36,qbp32jnf,x50061,0,9,9,finish,FinishPage,2025-10-24 05:00:54.396778,1,,,0.0,36,,0.0,皆さんの真摯な回答が、より正確な結果を導きます。一人ひとりが誠実に応じることで、最良の意思決定の一助となります。ご協力、お願いします。,1,6,2,1,2,6,1,2,5,3,3,5,5,5,4,5,,,,,,1,2,4,2,2,2,2,4,3,2,4,2,2,2,2,4,2,10,5,24,27,15,1,1,yhm6s5w5,,,,,0
37,s0azmq9k,x50012,0,9,9,finish,FinishPage,2025-10-24 05:00:54.883983,1,,,0.0,37,,0.0,このアンケートは、皆さんの率直なご意見を反映するために設計されています。誠実な回答に感謝します。あなたの意見が私たちの改善に貢献します。,0,4,1,5,0,2,5,1,7,4,4,3,5,7,1,4,,,,,,1,2,2,2,1,2,2,2,2,3,2,2,4,2,2,2,2,5,5,47,27,29,1,1,yhm6s5w5,,,,,0
38,gjxwmcv4,x50055,0,9,9,finish,FinishPage,2025-10-24 05:00:55.745633,1,,,0.0,38,,0.0,あなたの回答は、研究の重要な一部です。正直に回答することで、より正確で信頼性のあるデータを集め、社会全体の向上に寄与できます。ご協力をお願いします。,0,4,2,2,0,2,4,2,6,4,6,5,5,7,2,4,,,,,,4,4,1,2,3,3,4,1,4,2,4,3,4,1,4,5,2,5,5,47,27,29,1,1,yhm6s5w5,,,,,0
39,lylqg4ot,x50058,0,9,9,finish,FinishPage,2025-10-24 05:00:56.135074,1,,,0.0,39,,0.0,あなたの声が、より良い未来を築く鍵になります。ぜひ、誠実な回答でご協力ください。信頼できるデータが、理想の社会を実現します。,2,4,1,1,0,4,2,3,3,3,3,4,5,5,3,5,,,,,,1,1,3,1,1,1,1,2,4,3,2,1,4,2,3,2,2,10,5,47,27,31,1,1,yhm6s5w5,,,,,0
40,0omouzmt,x50016,0,9,9,finish,FinishPage,2025-10-24 05:00:56.732634,1,,,0.0,40,,0.0,あなたの正直な回答は、より良いサービスの向上に繋がります。全ての意見が重要ですので、どうか真摯にご回答ください。ご協力ありがとうございました。,1,1,2,4,0,2,2,2,5,5,5,4,5,4,4,4,,,,,,2,2,2,2,2,2,2,2,2,2,2,2,4,2,2,2,2,5,5,47,4,31,1,1,yhm6s5w5,,,,,0
41,yzbelpv1,x50014,0,9,9,finish,FinishPage,2025-10-24 05:00:57.111741,1,,,0.0,41,,0.0,あなたの正直な回答が、より良いサービスを生み出す鍵です。お互いの信頼を築き、変化をもたらすために、真実を共有しましょう。,0,4,3,4,0,4,3,5,4,5,4,5,5,5,4,4,,,,,,3,3,3,3,3,3,3,3,3,3,3,3,4,3,3,3,5,5,5,45,27,30,1,1,yhm6s5w5,,,,,0
42,nwzpypfs,x50056,0,9,9,finish,FinishPage,2025-10-24 05:00:57.511838,1,,,0.0,42,,0.0,「あなたの誠実な回答が、他の人々のより良い未来に繋がります。正直な声を届けていただくことで、より信頼できるデータが集まります。ご協力をお願いします。」,0,5,2,1,0,2,2,4,4,4,4,5,5,3,4,5,,,,,,2,2,3,2,2,2,3,4,3,2,3,2,4,3,2,4,2,5,5,47,27,29,1,1,yhm6s5w5,,,,,0
43,om6stgwg,x50011,0,9,9,finish,FinishPage,2025-10-24 05:00:57.617396,1,,,0.0,43,,0.0,あなたの回答は、貴重なデータとして重要です。正直な答えを選んでくださることで、より適切で効果的なサービスの改善につながります。ご協力に心より感謝いたします。,1,2,7,4,0,1,3,3,6,5,5,4,5,6,4,3,,,,,,3,4,2,2,3,3,3,2,3,3,3,3,4,2,3,3,2,10,100,24,27,30,1,1,yhm6s5w5,,,,,0
44,7fbd7kar,x50067,0,9,9,finish,FinishPage,2025-10-24 05:00:57.765298,1,,,0.0,44,,0.0,一人ひとりの誠実な回答が、より良いサービスや社会の実現に直結します。あなたの声を大切に、正直な意見をお聞かせください。,1,3,2,1,2,1,2,6,7,2,7,7,5,4,1,6,,,,,,5,3,4,5,5,4,5,5,5,5,5,5,4,5,5,5,5,10,200,24,27,30,1,1,yhm6s5w5,,,,,0
45,w90gziqw,x50039,0,9,9,finish,FinishPage,2025-10-24 05:00:58.939270,1,,,0.0,45,,0.0,あなたの正直な回答は、みんなのためにより良い結果をもたらします。誠実に回答することで、私たちはもっと正確で有益な分析ができるのです。誠実なご協力をお願いします。,1,3,2,4,1,2,2,2,7,2,6,5,5,6,2,6,,,,,,1,1,2,2,1,1,2,2,2,3,1,2,4,3,2,2,2,5,5,47,27,29,1,1,yhm6s5w5,,,,,0
46,njmznekq,x50073,0,9,9,finish,FinishPage,2025-10-24 05:00:58.943128,1,,,0.0,46,,0.0,あなたの誠実な回答は、より良いサービスや製品の開発に直接貢献します。他の回答者も率直な意見を共有することを信頼し、あなた自身も含まれています。ぜひ、正直なご意見をお寄せください。,0,4,2,1,0,1,2,2,7,1,7,6,5,6,1,7,,,,,,4,4,3,5,5,5,5,3,4,3,5,5,4,3,5,5,5,10,5,24,27,30,1,1,yhm6s5w5,,,,,0
47,yhhb5a0v,x50010,0,9,9,finish,FinishPage,2025-10-24 05:00:59.073264,1,,,0.0,47,,0.0,あなたの誠実な回答が、この調査の信頼性と社会貢献に直結します。誠意をもって答えていただければ、より良い未来づくりに役立ちます。,0,4,2,1,0,1,2,3,6,4,7,5,5,5,6,7,,,,,,1,2,1,1,1,2,1,1,1,1,2,1,4,1,1,2,2,5,5,47,27,29,1,1,yhm6s5w5,,,,,0
48,3s3lhp56,x50063,0,9,9,finish,FinishPage,2025-10-24 05:00:59.310618,1,,,0.0,48,,0.0,ご協力ありがとうございます。あなたの誠実な回答は、価値あるデータを生み出し、より良い未来を築く一助となります。本当の気持ちをお聞かせください。,0,5,2,1,0,2,4,3,6,1,4,5,5,3,4,4,,,,,,1,2,3,2,2,1,1,3,3,4,2,1,4,2,1,2,2,200,100,46,27,30,1,1,yhm6s5w5,,,,,0
49,ffrz72j4,x50064,0,9,9,finish,FinishPage,2025-10-24 05:00:59.307596,1,,,0.0,49,,0.0,このアンケートでは正直な回答が非常に重要です。純粋な情報が集まれば、より良い意思決定が可能となります。ご協力をお願いします。,0,5,2,1,0,5,2,4,4,5,3,5,5,3,4,5,,,,,,1,3,2,3,2,3,3,4,3,3,3,3,4,4,3,3,3,10,5,47,27,30,1,1,yhm6s5w5,,,,,0
50,wmd1kisz,x50072,0,9,9,finish,FinishPage,2025-10-24 05:00:59.536183,1,,,0.0,50,,0.0,私たちのアンケートは、より良いサービスのために重要です。すべての回答は匿名で、正直なフィードバックをお待ちしています。正直な回答が、あなたにとって有益な変化をもたらします。,0,4,7,4,0,3,1,5,5,2,6,6,5,4,6,5,,,,,,1,2,3,3,2,1,1,4,4,3,2,3,4,3,4,2,4,5,5,47,27,29,1,1,yhm6s5w5,,,,,0
51,87d2otnb,x50078,0,9,9,finish,FinishPage,2025-10-24 05:00:59.525329,1,,,0.0,51,,0.0,このアンケートの結果は、私たちの重要な意思決定に直接影響します。正直に回答いただけることで、信頼性の高いデータを提供し、みんなの未来をより良くする手助けができます。,1,2,4,3,2,5,3,7,4,7,5,4,5,1,5,3,,,,,,2,3,3,4,4,2,4,3,4,4,4,3,4,3,3,4,4,10,100,96,27,30,1,1,yhm6s5w5,,,,,0
52,j9xnx993,x50024,0,9,9,finish,FinishPage,2025-10-24 05:00:59.970674,1,,,0.0,52,,0.0,あなたの率直な意見が私たちの調査をより正確にします。誠実な回答が未来のサービス向上に直結しますので、ご協力をお願いします。,0,5,2,1,2,4,4,4,4,4,4,4,5,4,4,4,,,,,,3,3,3,3,3,3,3,3,3,3,3,3,4,3,3,3,3,10,10,10,7,29,1,1,yhm6s5w5,,,,,0
53,cx7x7i3x,x50071,0,9,9,finish,FinishPage,2025-10-24 05:01:00.417316,1,,,0.0,53,,0.0,あなたの誠実な回答が、調査の質を高める大切な要素です。皆さんの協力次第で、より正確な結果が得られます。真心込めて、お答えください。,0,6,4,4,2,4,3,5,2,4,5,5,5,3,6,2,,,,,,3,4,2,2,2,3,2,2,4,4,3,4,4,4,4,4,3,5,5,47,27,29,1,1,yhm6s5w5,,,,,0
54,571cwdni,x50066,0,9,9,finish,FinishPage,2025-10-24 05:01:00.856537,1,,,0.0,54,,0.0,あなたの回答は、重要な意思決定に影響を与えます。誠実に答えていただけると、より正確な結果が得られ、より良いサービスや商品開発につながります。,0,6,2,1,0,6,1,4,3,4,2,4,5,2,5,4,,,,,,2,3,4,4,2,2,2,4,2,2,2,2,4,4,3,3,4,10,5,47,4,29,1,1,yhm6s5w5,,,,,0
55,bhxvabvy,x50077,0,9,9,finish,FinishPage,2025-10-24 05:01:01.573185,1,,,0.0,55,,0.0,あなたの誠実な回答が、より正確で役立つ結果を導きます。みなさまの協力で私たちのサービスをより良くできます。ご協力をお願いします。,0,3,6,3,0,3,3,4,5,2,4,5,5,4,5,5,,,,,,3,4,3,4,3,2,2,2,3,4,2,2,4,3,3,3,2,5,5,47,27,29,1,1,yhm6s5w5,,,,,0
56,dz1o30w3,x50065,0,9,9,finish,FinishPage,2025-10-24 05:01:02.072353,1,,,0.0,56,,0.0,あなたの正直な回答は、重要な判断や改善に直接貢献します。みんなの信頼ある声が集まることで、より良い未来の設計が可能になります。誠実なご協力をお願いします。,1,6,3,3,2,6,5,4,5,5,5,4,5,3,5,2,,,,,,2,3,3,2,3,3,3,3,3,3,3,3,4,2,3,3,2,10,5,7,27,30,1,1,yhm6s5w5,,,,,0
57,61mycdij,x50081,0,7,9,using_llm,CrtPage,2025-10-24 05:01:02.730576,1,,,0.0,57,,0.0,ご協力ありがとうございます。正直な回答が、より良いサービスの向上に繋がります。皆様の貴重な意見が未来を形作ります。正直さを大切にしましょう。,0,3,2,2,2,2,4,3,4,2,4,4,5,4,4,6,,,,,,1,1,1,1,1,1,1,2,1,1,1,1,4,2,2,1,1,,,,,,1,1,yhm6s5w5,,,,,0
58,21v0t5re,x50015,0,9,9,finish,FinishPage,2025-10-24 05:01:03.478050,1,,,0.0,58,,0.0,ご協力ありがとうございます。あなたの正直な回答が、より良い未来を築くための重要な一歩です。あなたの意見が大切ですので、正直にお答えください。,0,3,6,4,2,5,3,3,3,5,3,4,5,5,5,6,,,,,,1,1,1,1,1,1,1,1,1,1,1,1,4,1,1,1,1,5,5,47,27,29,1,1,yhm6s5w5,,,,,0
59,rv9s5crk,x50082,0,9,9,finish,FinishPage,2025-10-24 05:01:03.562648,1,,,0.0,59,,0.0,誠実な回答は、より正確で役立つ結果を生み出します。あなたの正直な声が、より良い未来を築く力になります。ご協力よろしくお願いします。,0,3,2,4,2,4,4,6,5,5,4,4,5,4,5,4,,,,,,3,4,2,3,2,3,3,3,2,3,2,3,2,3,2,4,3,5,5,47,27,29,1,1,yhm6s5w5,,,,,0
60,1u50ghdf,x50069,0,9,9,finish,FinishPage,2025-10-24 05:01:03.895663,1,,,0.0,60,,0.0,あなたの誠実な回答は、調査結果の質を高め、より意義のある決定に貢献します。正直な意見をお寄せください。ありがとうございます。,0,4,1,1,0,2,3,3,5,4,5,5,5,5,5,3,,,,,,2,3,3,3,4,3,4,4,4,4,3,3,4,3,3,4,4,10,5,24,27,30,1,1,yhm6s5w5,,,,,0
61,vlishvqa,x50060,0,9,9,finish,FinishPage,2025-10-24 05:01:03.745603,1,,,0.0,61,,0.0,「あなたの正直な回答が、私たちのより良い社会作りに不可欠です。データは匿名で保護されます。誠実な回答を心よりお願い申し上げます。」,0,4,2,4,0,3,2,4,6,5,5,4,5,5,4,5,,,,,,1,1,1,1,1,1,1,1,1,1,1,1,4,1,1,1,1,5,5,47,27,29,1,1,yhm6s5w5,,,,,0
62,dm7mcahh,x50076,0,9,9,finish,FinishPage,2025-10-24 05:01:04.208691,1,,,0.0,62,,0.0,あなたの誠実な回答は、私たちがより良いサービスを提供するために不可欠です。あなたの意見が未来を形作ります。どうぞ正直にご回答ください。,0,5,4,4,0,6,1,5,1,5,2,5,5,1,7,3,,,,,,1,1,1,1,1,1,2,4,2,2,1,1,4,4,2,1,1,5,5,47,27,29,1,1,yhm6s5w5,,,,,0
63,b1easbik,x50075,0,9,9,finish,FinishPage,2025-10-24 05:01:06.301347,1,,,0.0,63,,0.0,あなたの誠実な回答が、よりよいサービス向上につながります。正直で率直なフィードバックを共有することで、みんながより良く生きる手助けができます。,0,6,2,1,2,6,2,5,4,3,5,6,5,4,4,4,,,,,,1,4,2,1,1,1,1,1,1,1,1,1,4,1,1,1,1,10,5,47,27,27,1,1,yhm6s5w5,,,,,0
64,5qqtwpjl,x50062,0,9,9,finish,FinishPage,2025-10-24 05:01:06.371623,1,,,0.0,64,,0.0,あなたの率直な意見がこの調査の成功を左右します。正直な回答は、より正確で有益な結果を生み出します。協力してくださることを信じています。,1,6,4,1,2,5,1,7,3,5,3,6,5,1,5,2,,,,,,2,1,1,1,2,1,2,2,2,3,4,2,4,2,3,1,2,5,5,47,27,29,1,1,yhm6s5w5,,,,,0
65,2u6u0oxu,x50079,0,9,9,finish,FinishPage,2025-10-24 05:01:06.425090,1,,,0.0,65,,0.0,あなたの誠実な回答は、重要な意思決定に貢献します。一人ひとりの正直さが、信頼性の高いデータを作り、より良い未来を拓く力となります。,0,4,7,1,0,2,2,1,4,4,5,4,5,6,5,4,,,,,,3,3,3,3,3,3,4,4,3,3,3,3,4,3,3,4,3,5,5,47,27,29,1,1,yhm6s5w5,,,,,0
66,zsky9q1t,x50044,0,9,9,finish,FinishPage,2025-10-24 05:01:07.002787,1,,,0.0,66,,0.0,あなたの誠実な回答が調査の信頼性を高めます。データは社会に重要な役割を果たしますので、正直な回答でご協力をお願いいたします。,1,4,7,5,0,7,1,7,1,7,1,7,5,1,7,1,,,,,,1,1,1,1,1,1,1,1,1,1,1,1,4,1,1,1,1,5,5,47,27,29,1,1,yhm6s5w5,,,,,0
67,e5v0g4qj,x50083,0,9,9,finish,FinishPage,2025-10-24 05:01:08.213315,1,,,0.0,67,,0.0,こんにちは！あなたの率直な回答が重要です。正直なフィードバックは、より良いサービスとサポートを提供するために役立ちます。共に改善へ向かう一歩を踏み出しましょう。,0,4,4,1,0,2,3,1,6,4,6,3,5,7,3,5,,,,,,2,2,2,3,2,2,2,3,2,2,2,2,4,2,2,3,3,5,5,47,27,29,1,1,yhm6s5w5,,,,,0
68,bhlqkl2d,x50036,0,9,9,finish,FinishPage,2025-10-24 05:01:08.491334,1,,,0.0,68,,0.0,「あなたの誠実な回答は、価値あるデータとして社会に役立ちます。みんなの未来をつくるため、正直な回答をお願いします。」,1,5,2,4,0,3,3,3,6,4,4,2,5,5,4,6,,,,,,1,1,1,1,1,1,1,1,4,2,2,2,4,1,1,2,1,5,5,47,27,29,1,1,yhm6s5w5,,,,,0
69,90o9ntws,x50086,0,9,9,finish,FinishPage,2025-10-24 05:01:08.400282,1,,,0.0,69,,0.0,「あなたの正直な回答が、より良い研究の礎となります。他の多くの参加者も誠実に答えています。ご協力いただけると幸いです。」,1,4,2,4,2,1,3,2,6,5,6,5,5,6,3,7,,,,,,2,2,2,2,3,3,3,2,4,4,2,3,4,2,3,3,3,5,5,12,27,30,1,1,yhm6s5w5,,,,,0
70,ihg23zaa,x50085,0,9,9,finish,FinishPage,2025-10-24 05:01:10.449112,1,,,0.0,70,,0.0,ご回答は、結果の正確さに直結します。正直な回答が、この調査の価値を最大化し、より良い社会の実現に貢献します。ご協力をお願いいたします。,0,4,6,5,0,4,4,5,5,5,4,6,5,2,4,3,,,,,,3,3,3,3,3,3,3,3,3,3,3,3,4,3,3,3,3,50,5,47,27,29,1,1,yhm6s5w5,,,,,0
71,kc5xseri,x50088,0,9,9,finish,FinishPage,2025-10-24 05:01:14.405596,1,,,0.0,71,,0.0,あなたの正直な回答が、より良い未来を築く力となります。信頼の輪を広げ、貢献できる喜びを感じるためにも、ありのままを教えてください。,0,2,5,1,0,2,4,2,2,3,3,3,5,3,4,3,,,,,,3,3,3,3,3,3,3,1,3,3,3,3,4,1,3,3,3,5,5,47,27,29,1,1,yhm6s5w5,,,,,0
72,ncl027x2,x50093,0,9,9,finish,FinishPage,2025-10-24 05:01:18.655635,1,,,0.0,72,,0.0,「ご協力ありがとうございます！皆様の率直な回答が調査の質を高めます。他の回答者も同様に正直な意見を共有しています。」,1,3,5,1,2,6,4,4,4,4,4,6,5,4,4,4,,,,,,3,3,3,3,3,3,3,3,3,3,3,3,2,3,3,3,3,10,10000,96,27,30,1,1,yhm6s5w5,,,,,0
73,rx2o8r9r,x50094,0,9,9,finish,FinishPage,2025-10-24 05:01:20.160251,1,,,0.0,73,,0.0,あなたの回答は、調査結果の信頼性を左右します。正直な回答がより正確な結果を生み、より良い意思決定に役立ちます。ご協力をお願いします。,1,3,3,3,2,2,3,5,6,2,6,6,5,3,4,5,,,,,,2,2,1,3,2,2,2,1,3,3,2,2,4,1,3,3,3,10,20,20,27,29,1,1,yhm6s5w5,,,,,0
74,ftaeo7dq,x50019,0,9,9,finish,FinishPage,2025-10-24 05:01:22.177431,1,,,0.0,74,,0.0,あなたの回答は、我々の研究やサービス向上のために重要なものです。正直な回答をお願いします。あなたの真摯な協力で、より良い未来を共に築きましょう。,1,3,2,3,2,3,2,4,5,5,5,5,5,2,5,5,,,,,,2,2,2,3,2,2,2,2,2,2,2,2,4,3,2,2,3,5,100,24,27,29,1,1,yhm6s5w5,,,,,0
75,9aqtlmgr,x50074,0,9,9,finish,FinishPage,2025-10-24 05:01:25.651656,1,,,0.0,75,,0.0,あなたの正直な回答がこのアンケートの信頼性を高め、より良い結果をもたらします。ご協力に感謝し、未来の改善に一緒に貢献しましょう。,1,4,2,4,2,4,4,5,4,3,4,4,4,3,4,4,,,,,,1,1,1,1,1,3,3,2,2,2,2,3,4,3,3,3,3,10,5,5,27,30,1,1,yhm6s5w5,,,,,0
76,rbtpjbuc,x50090,0,9,9,finish,FinishPage,2025-10-24 05:01:28.361579,1,,,0.0,76,,0.0,ご協力ありがとうございます。正直な回答が、より良いサービスにつながります。みなさまの誠実なフィードバックが、私たちの改善の鍵です。,1,2,2,4,2,5,3,4,4,5,5,5,5,5,4,3,,,,,,3,3,2,3,3,3,3,2,3,4,2,3,4,2,2,3,3,10,5,24,27,29,1,1,yhm6s5w5,,,,,0
77,65blr5v1,x50095,0,9,9,finish,FinishPage,2025-10-24 05:01:29.619657,1,,,0.0,77,,0.0,あなたの回答はより良い決定を形作ります。正直に答えることで、皆で共に改善を進める力強い手助けとなります。誠実なご協力をお願いします。,0,3,2,1,0,4,5,4,3,7,1,4,5,1,4,1,,,,,,1,3,1,1,3,3,3,1,4,4,3,2,4,1,1,3,1,5,5,47,27,29,1,1,yhm6s5w5,,,,,0
78,fk52ox1u,x50098,0,9,9,finish,FinishPage,2025-10-24 05:01:29.671613,1,,,0.0,78,,0.0,あなたの誠実な回答は、調査の質を高め、より良い結果を生む鍵です。正直な意見を共有することで、皆さんにもメリットが返ってきます。ありがとうございます。,0,5,2,4,2,2,5,3,6,2,5,3,5,6,2,6,,,,,,2,2,2,3,3,3,2,2,4,4,2,2,4,2,3,4,4,10,5,47,27,29,1,1,yhm6s5w5,,,,,0
79,cw1rv5v7,x50092,0,9,9,finish,FinishPage,2025-10-24 05:01:31.929862,1,,,0.0,79,,0.0,このアンケートの正確な集計は、より良いサービス提供に繋がります。ご協力に心より感謝し、誠実なご回答をお願い申し上げます。,0,5,4,1,2,2,5,3,5,3,2,3,5,3,3,5,,,,,,1,2,2,2,1,1,1,2,2,2,1,2,4,3,1,2,1,10,100,24,27,31,1,1,yhm6s5w5,,,,,0
80,l7n1d9n1,x50101,0,9,9,finish,FinishPage,2025-10-24 05:01:33.362787,1,,,0.0,80,,0.0,ご回答は、社会貢献や意思決定に大きな影響を与えます。正直な答えが、より良い未来を築く大切な一歩になることをお忘れなく。,0,3,3,1,0,2,3,1,6,4,4,1,5,7,5,4,,,,,,2,1,2,2,1,2,2,2,3,1,2,1,4,1,2,2,2,5,5,47,27,29,1,1,yhm6s5w5,,,,,0
81,3ckg8xsc,x50097,0,9,9,finish,FinishPage,2025-10-24 05:01:34.353881,1,,,0.0,81,,0.0,「あなたの正直な回答は、より良いサービス向上に役立ちます。ご協力いただくことで、皆さんの声が反映される社会を共に築きましょう。」,1,6,2,5,2,4,3,5,4,5,3,4,5,4,5,5,,,,,,3,2,2,3,3,3,3,2,4,4,3,3,4,4,4,5,3,5,5,47,27,29,1,1,yhm6s5w5,,,,,0
82,bqninlpq,x50080,0,9,9,finish,FinishPage,2025-10-24 05:01:35.946470,1,,,0.0,82,,0.0,ご協力ありがとうございます。誠実な回答は、より正確な結果を導きます。正直な声が未来を創りますので、ぜひ率直にご意見をお伝えください。,1,3,7,0,1,1,6,2,7,1,7,2,5,5,1,7,,,,,,4,3,4,5,5,5,4,4,4,5,5,3,4,4,4,5,5,50,5,38,27,31,1,1,yhm6s5w5,,,,,0
83,9sxd5864,x50099,0,9,9,finish,FinishPage,2025-10-24 05:01:36.035845,1,,,0.0,83,,0.0,ご協力に感謝します！あなたの誠実な回答は、社会に役立つ貴重なデータとなります。嘘偽りなくお答えいただけるようお願いいたします。,0,4,3,2,2,4,2,4,3,3,3,4,3,4,4,4,,,,,,1,1,1,1,1,1,1,1,1,1,1,1,2,1,2,1,1,10,5,47,22,30,1,1,yhm6s5w5,,,,,0
84,o21464a3,x50103,0,9,9,finish,FinishPage,2025-10-24 05:01:36.524583,1,,,0.0,84,,0.0,あなたの声が社会を動かします。回答の正確さが、より良い未来の設計図に。正直な意見をお寄せいただくことで、信頼性の高いデータを共に創り上げましょう。,0,4,1,4,2,2,3,1,6,5,5,5,5,7,5,7,,,,,,2,3,4,2,3,1,2,4,4,4,4,2,4,3,4,2,2,5,5,47,27,29,1,1,yhm6s5w5,,,,,0
85,lt9wqnjr,x50102,0,9,9,finish,FinishPage,2025-10-24 05:01:38.078783,1,,,0.0,85,,0.0,ご協力ありがとうございます。正直な回答は、より良いサービス提供の鍵です。あなたの意見が未来を形作ります。信頼できるデータを一緒に築きましょう。,0,3,7,4,0,3,4,4,5,4,6,5,5,5,6,5,,,,,,1,3,1,3,3,3,3,1,3,3,1,1,4,3,3,3,3,20,5,1,5,16,1,1,yhm6s5w5,,,,,0
86,spaxgqnh,x50087,0,9,9,finish,FinishPage,2025-10-24 05:01:38.417622,1,,,0.0,86,,0.0,あなたの誠実な回答が、データの価値を高め、より良いサービスや製品を生み出します。あなたの意見は貴重です。ぜひ、正直にご協力ください。,1,2,3,4,2,2,2,5,6,2,6,5,5,2,3,5,,,,,,3,4,3,3,3,3,3,3,3,3,3,3,4,3,3,3,4,10,100,24,2729,29,1,1,yhm6s5w5,,,,,0
87,0qs015e7,x50104,0,9,9,finish,FinishPage,2025-10-24 05:01:41.838974,1,,,0.0,87,,0.0,私たちの決定は皆さんの誠実な回答に基づいています。共により良い未来を築くため、真実の声をお聞かせください。ご協力感謝します。,1,4,7,4,2,1,1,6,4,2,6,5,5,1,6,6,,,,,,1,1,1,1,1,1,1,1,2,2,1,1,4,1,1,1,1,5,5,47,27,29,1,1,yhm6s5w5,,,,,0
88,2bxlheka,x50105,0,9,9,finish,FinishPage,2025-10-24 05:01:44.447079,1,,,0.0,88,,0.0,あなたの誠実な回答は、調査結果の精度を高める一助となります。多くの人々に役立つ正確な情報の提供にご協力をお願いします。,1,1,2,1,0,4,4,4,4,4,4,4,5,4,4,2,,,,,,3,3,3,3,3,3,3,3,3,3,3,3,4,3,2,3,3,10,5,47,27,30,1,1,yhm6s5w5,,,,,0
89,hql02qpi,x50106,0,9,9,finish,FinishPage,2025-10-24 05:01:45.961044,1,,,0.0,89,,0.0,「あなたの正直な回答が、より良い成果につながります。すべての回答が大切ですので、誠実な意見をお聞かせください。」,0,3,1,1,2,1,1,1,1,1,5,4,5,6,5,5,,,,,,4,2,4,2,3,4,3,2,3,5,3,4,4,2,4,3,3,10,5,59,10,30,1,1,yhm6s5w5,,,,,0
90,ou1lptu5,x50100,0,9,9,finish,FinishPage,2025-10-24 05:01:46.596436,1,,,0.0,90,,0.0,「あなたの正直な回答は、より良いサービス向上に直結します。すべての回答が大切ですので、誠実なご意見をお待ちしております。」,0,2,2,4,2,6,4,4,5,3,5,3,5,5,4,4,,,,,,3,3,3,3,3,3,3,3,3,3,3,3,4,3,3,3,3,10,5,24,27,30,1,1,yhm6s5w5,,,,,0
91,kxe7v5cv,x50096,0,1,9,introduction,IntroductionPage,2025-10-24 05:01:51.113170,1,,,0.0,91,,0.0,アンケート調査では設問と関係のない回答や設問をよく読まない不真面目な回答が問題となっております。,,,,,,,,,,,,,,,,,,,,,,,,,,,,,,,,,,,,,,,,,,,,1,1,yhm6s5w5,,,,,0
92,sim9kt8d,x50110,0,1,9,introduction,IntroductionPage,2025-10-24 05:01:54.201452,1,,,0.0,92,,0.0,アンケート調査では設問と関係のない回答や設問をよく読まない不真面目な回答が問題となっております。,,,,,,,,,,,,,,,,,,,,,,,,,,,,,,,,,,,,,,,,,,,,1,1,yhm6s5w5,,,,,0
93,dcbbjvj4,x50111,0,9,9,finish,FinishPage,2025-10-24 05:01:54.519981,1,,,0.0,93,,0.0,あなたの誠実な回答が、より良い未来を築くのに役立ちます。他の信頼される回答者同様、あなたの意見をぜひ本音でお聞かせください。,0,3,4,5,0,2,2,3,5,3,6,3,5,3,5,5,,,,,,1,2,1,1,1,1,1,1,3,3,2,1,4,2,1,2,1,10,100,47,27,30,1,1,yhm6s5w5,,,,,0
94,zb2coxwy,x50109,0,9,9,finish,FinishPage,2025-10-24 05:01:54.361892,1,,,0.0,94,,0.0,このアンケートは皆さんの真実の声に基づいて改善を目指しています。あなたの誠実な回答が、より良い未来への重要な一歩となります。ご協力をお願いします。,1,3,4,4,2,5,1,5,3,1,5,6,5,3,3,1,,,,,,1,1,1,1,1,1,1,1,3,1,1,1,4,1,1,1,1,10,5,47,27,29,1,1,yhm6s5w5,,,,,0
95,lvplv57b,x50108,0,9,9,finish,FinishPage,2025-10-24 05:01:59.769621,1,,,0.0,95,,0.0,あなたの正直な回答が、より良いサービスの改善に貢献します。皆様の声を大切にし、真実の意見を集めることで、共に未来を築きましょう。,1,5,2,3,0,3,2,3,3,2,4,5,5,3,4,4,,,,,,3,4,1,2,1,1,1,1,3,1,1,2,4,1,1,2,1,10,5,47,27,29,1,1,yhm6s5w5,,,,,0
96,6rwrkqts,x50112,0,9,9,finish,FinishPage,2025-10-24 05:02:00.405007,1,,,0.0,96,,0.0,あなたの回答は、調査の質を高めます。誠実に答えていただければ、より正確な結果をもとに、私たちはより良いサービスを提供することができます。,1,3,7,3,2,2,2,5,6,6,6,6,5,5,5,5,,,,,,1,3,1,2,2,1,2,2,3,3,2,2,4,3,3,2,3,10,100,24,27,29,1,1,yhm6s5w5,,,,,0
97,jxiuilhd,x50115,0,9,9,finish,FinishPage,2025-10-24 05:02:01.562372,1,,,0.0,97,,0.0,ご協力感謝します。あなたの誠実な回答が、より有意義なデータを生み出します。私たちの社会全体の改善に、あなたの一票が大きな力を持っています。,0,5,4,4,2,4,4,5,4,5,4,2,5,6,4,4,,,,,,3,2,3,3,3,3,2,3,3,2,2,3,4,3,3,3,2,10,5,24,4,29,1,1,yhm6s5w5,,,,,0
98,4gxnszzv,x50114,0,9,9,finish,FinishPage,2025-10-24 05:02:02.457336,1,,,0.0,98,,0.0,あなたの声が未来を形作ります。誠実な回答は、より良い決定を導く力になります。一緒に正確なデータを作りましょう。ご協力お願いします。,1,2,7,1,2,1,2,5,6,2,7,4,5,2,3,7,,,,,,1,1,1,1,1,1,1,1,1,1,1,1,4,1,1,1,1,10,5,47,27,29,1,1,yhm6s5w5,,,,,0
99,fvtu5yfx,x50107,0,7,9,using_llm,CrtPage,2025-10-24 05:02:04.044793,1,,,0.0,99,,0.0,あなたの誠実な回答がこの調査の価値を高めます。お一人お一人の真実が重要です。正直な意見をお待ちしています。どうかご協力をお願いいたします。,0,4,3,1,2,3,4,6,5,4,5,5,5,5,4,5,,,,,,2,3,1,2,2,3,3,3,4,4,3,4,4,3,3,4,3,,,,,,1,1,yhm6s5w5,,,,,0
100,0lxjbos7,x50117,0,9,9,finish,FinishPage,2025-10-24 05:02:08.378241,1,,,0.0,100,,0.0,あなたの誠実な回答が、より正確な結果を導き出します。このアンケートの目的は、みなさんの本音を知ることです。ご協力をお願いします。,1,4,3,1,2,1,2,2,6,5,7,6,5,7,6,6,,,,,,4,3,4,3,3,2,4,5,4,5,3,3,4,4,3,4,4,10,20,24,27,30,1,1,yhm6s5w5,,,,,0
101,hdtk9m94,x50118,0,9,9,finish,FinishPage,2025-10-24 05:02:11.467323,1,,,0.0,101,,0.0,ご協力ありがとうございます。あなたの誠実な回答が、調査の信頼性を向上し、みんなの役に立つ素晴らしい結果につながります。正直で思いやりあるご回答をお待ちしています。,0,4,2,1,2,2,2,3,6,2,5,3,5,5,3,7,,,,,,2,2,3,3,2,3,3,4,4,3,3,3,4,3,2,3,3,5,5,47,27,29,1,1,yhm6s5w5,,,,,0
102,el3bt94h,x50089,0,9,9,finish,FinishPage,2025-10-24 05:02:11.718602,1,,,0.0,102,,0.0,「あなたの誠実な回答がデータの信頼性を高め、より良い社会を築く力となります。真実の一票を大切にお願いします。」,0,5,5,2,0,3,1,4,3,4,3,4,5,3,5,4,,,,,,3,3,2,3,3,2,2,3,4,4,3,3,4,3,3,4,3,5,5,47,27,29,1,1,yhm6s5w5,,,,,0
103,33o15ahw,x50119,0,9,9,finish,FinishPage,2025-10-24 05:02:17.776207,1,,,0.0,103,,0.0,アンケートへの率直なご回答は、私たちがより良いサービスを提供するための重要な手がかりとなります。皆様の正直なご意見で、一緒に改善を進めましょう。,0,5,1,1,1,4,3,4,3,5,4,5,5,3,4,4,,,,,,2,1,1,2,3,2,2,3,3,3,3,2,4,3,2,3,3,5,5,47,27,29,1,1,yhm6s5w5,,,,,0
104,xrkilw2s,x50037,0,9,9,finish,FinishPage,2025-10-24 05:02:19.445479,1,,,0.0,104,,0.0,あなたの正直な声が重要です。正確な回答が他の回答者にも高く評価され、より良いサービスや環境の創造に役立ちます。共に未来を築きましょう。,1,3,2,3,1,2,2,4,4,2,4,4,5,4,7,4,,,,,,1,3,3,3,3,1,3,1,3,3,1,1,4,1,1,1,1,10,20,24,27,30,1,1,yhm6s5w5,,,,,0
105,qhy2flz6,x50121,0,9,9,finish,FinishPage,2025-10-24 05:02:22.015907,1,,,0.0,105,,0.0,「あなたの正直な答えが、私たちのサービスを向上させます。ご協力に感謝します！」,0,4,6,1,0,4,5,3,5,3,3,3,5,2,5,5,,,,,,4,2,2,3,2,4,3,4,4,2,4,2,2,4,2,2,2,10,20,24,27,30,1,1,yhm6s5w5,,,,,0
106,w2lyjrzt,x50120,0,9,9,finish,FinishPage,2025-10-24 05:02:24.670433,1,,,0.0,106,,0.0,このアンケートはあなたの貴重な意見で社会を前進させます。不正確な回答は分析を困難にし、貢献機会を失うことになります。正直な回答をお願い致します。,1,3,2,4,2,2,2,4,7,5,4,4,5,4,4,5,,,,,,1,1,1,1,1,1,2,1,1,1,2,1,4,1,1,2,1,10,100,24,27,31,1,1,yhm6s5w5,,,,,0
107,6b1yxxls,x50124,0,9,9,finish,FinishPage,2025-10-24 05:02:33.039570,1,,,0.0,107,,0.0,ご記入いただく回答は、重要な意思決定に活用されます。誠実なご回答をいただけると、調査の信頼性が向上し、多くの方々に正確な恩恵が届きます。ご協力をお願いいたします。,0,4,2,5,0,4,2,5,3,4,4,5,5,4,5,4,,,,,,1,3,2,3,3,2,1,3,4,2,3,2,4,3,2,3,3,5,5,47,4,30,1,1,yhm6s5w5,,,,,0
108,qkk7vqik,x50126,0,9,9,finish,FinishPage,2025-10-24 05:02:41.660939,1,,,0.0,108,,0.0,あなたの誠実な回答は、私たち全員にとってより良いシステムを構築する力になります。一緒に公正な未来を築きましょう。,0,5,4,4,0,6,1,4,1,4,1,7,5,1,7,1,,,,,,1,1,1,1,1,1,1,1,1,1,1,1,4,1,1,1,1,5,5,47,27,29,1,1,yhm6s5w5,,,,,0
109,fvay2ejg,x50127,0,9,9,finish,FinishPage,2025-10-24 05:02:43.390389,1,,,0.0,109,,0.0,あなたの誠実な回答が、より良い成果をもたらします。正直な意見を聞かせていただければ、私たちは全体として価値ある改善を行うことができます。ご協力お願いします。,1,6,2,3,0,2,1,4,5,2,6,5,5,4,4,7,,,,,,2,2,1,1,2,1,2,2,3,2,2,1,4,2,3,2,1,10,5,47,27,28,1,1,yhm6s5w5,,,,,0
110,c9l9bt98,x50129,0,9,9,finish,FinishPage,2025-10-24 05:02:44.872063,1,,,0.0,110,,0.0,あなたの回答は、貴重な洞察を提供し、より良い意思決定に役立ちます。誠実な回答を心から感謝し、あなたの意見が私たちの未来を形作ります。,0,5,3,1,2,6,3,4,4,5,2,7,5,2,4,3,,,,,,1,1,1,3,3,1,2,3,3,1,1,1,4,1,1,2,4,10,5,24,27,30,1,1,yhm6s5w5,,,,,0
111,akmt9kxu,x50128,0,9,9,finish,FinishPage,2025-10-24 05:02:48.005958,1,,,0.0,111,,0.0,アンケートへの正直な回答は、より良いサービスの提供につながります。貴重な時間を使うからこそ、本当のお考えをお聞かせください。あなたの声が未来を作ります。,0,3,4,4,2,4,4,4,5,4,5,5,5,3,4,5,,,,,,3,4,4,4,3,3,3,4,3,3,4,3,2,3,3,3,3,10,100,47,27,29,1,1,yhm6s5w5,,,,,0
112,mpx6g1fb,x50123,0,9,9,finish,FinishPage,2025-10-24 05:02:51.032656,1,,,0.0,112,,0.0,「あなたの率直な回答が、より良いサービスの向上につながります。正直な声が集まるほど、私たちは正確な改善が実現できます。ご協力に感謝します。」,0,2,2,4,2,7,2,3,5,2,1,6,5,1,3,3,,,,,,3,4,1,2,1,3,1,2,3,3,3,3,4,2,4,4,3,100,100,24,27,30,1,1,yhm6s5w5,,,,,0
113,pdfhacc1,x50130,0,9,9,finish,FinishPage,2025-10-24 05:02:51.016877,1,,,0.0,113,,0.0,あなたの誠実な回答は、私たちの研究とコミュニティの発展にとても重要です。正直なフィードバックは、より正確で有益な結果をもたらします。ご協力をお願いします。,0,4,2,4,0,3,3,6,5,3,4,5,5,2,4,5,,,,,,4,2,4,4,2,4,2,4,4,4,2,4,4,2,4,4,4,5,5,47,4,29,1,1,yhm6s5w5,,,,,0
114,y2eoiun0,x50125,0,9,9,finish,FinishPage,2025-10-24 05:02:53.315778,1,,,0.0,114,,0.0,あなたの誠実な回答は、この調査の信頼性を高めます。みんなの意見が集まることで、より良い未来を築くことができます。正直な回答を、ぜひお願いします。,1,4,2,1,2,4,5,4,5,4,4,5,4,4,4,4,,,,,,3,3,3,3,3,3,3,3,3,3,3,3,3,3,3,3,3,400,500,3,2,30,1,1,yhm6s5w5,,,,,0
115,aapyw29i,x50131,0,9,9,finish,FinishPage,2025-10-24 05:02:56.129494,1,,,0.0,115,,0.0,「皆様の正直な回答をお待ちしています。他の参加者も誠実に答えていただいています。統計はその信頼性を守るために、あなたの率直な意見がとても大切です。」,0,4,2,4,0,2,3,5,3,5,6,3,5,2,5,6,,,,,,1,1,1,1,1,1,1,1,3,1,1,1,4,1,1,2,1,5,5,47,27,29,1,1,yhm6s5w5,,,,,0
116,vd58nqtj,x50133,0,9,9,finish,FinishPage,2025-10-24 05:02:59.855550,1,,,0.0,116,,0.0,あなたの正直な回答が、この調査の信頼性を高め、より良い社会に貢献します。ご協力いただけますか？丁寧なご回答を心よりお願いします。,0,3,2,1,0,3,1,4,3,3,6,6,5,3,5,6,,,,,,1,1,1,1,1,1,1,1,1,1,1,1,4,1,1,1,1,10,4,47,27,29,1,1,yhm6s5w5,,,,,0
117,w2423rye,x50132,0,9,9,finish,FinishPage,2025-10-24 05:03:02.353490,1,,,0.0,117,,0.0,私たちのコミュニティの発展には、あなたの正直な意見が欠かせません。他の回答者も誠実に協力しています。一緒に信頼のあるデータを築きましょう。,0,4,3,4,2,3,3,4,5,2,5,6,5,3,6,4,,,,,,2,2,3,2,1,3,1,3,2,2,1,1,4,2,1,3,1,5,5,24,27,29,1,1,yhm6s5w5,,,,,0
118,6emkylu3,x50134,0,9,9,finish,FinishPage,2025-10-24 05:03:03.792753,1,,,0.0,118,,0.0,皆さまの率直なご意見が、サービス向上の鍵です。全体のためにも、誠実なご回答をお願いします。あなたの声が未来を創ります。,0,3,0,6,0,4,4,4,4,4,4,4,5,4,4,4,,,,,,3,3,3,3,3,3,3,3,3,3,3,3,3,3,3,3,3,5,5,47,4,29,1,1,yhm6s5w5,,,,,0
119,669jhl9g,x50135,0,9,9,finish,FinishPage,2025-10-24 05:03:05.193826,1,,,0.0,119,,0.0,ご協力感謝します。あなたの誠実な回答は私たちの成功に欠かせません。正直な意見は貴重な洞察を提供し、より良い未来を共に創ります。,1,4,4,4,0,7,1,7,1,5,1,6,5,1,7,1,,,,,,1,1,1,1,1,1,1,1,1,1,1,1,4,1,1,1,1,5,5,20,27,31,1,1,yhm6s5w5,,,,,0
120,ur8ppit0,x50138,0,1,9,introduction,IntroductionPage,2025-10-24 05:03:11.974627,1,,,0.0,120,,0.0,アンケート調査では設問と関係のない回答や設問をよく読まない不真面目な回答が問題となっております。,,,,,,,,,,,,,,,,,,,,,,,,,,,,,,,,,,,,,,,,,,,,1,1,yhm6s5w5,,,,,0
121,4mszl4ms,x50122,0,9,9,finish,FinishPage,2025-10-24 05:03:13.452893,1,,,0.0,121,,0.0,あなたの回答は、私たちや社会全体にとって重要です。誠実に答えることで、より良い未来を共に作り上げましょう。皆さんの声が変化を起こします。,0,6,3,0,1,3,4,4,4,3,4,5,5,4,4,6,,,,,,2,2,2,2,2,1,1,2,3,3,1,1,4,2,3,3,2,5,5,47,27,29,1,1,yhm6s5w5,,,,,0
122,t2ppelx0,x50140,0,9,9,finish,FinishPage,2025-10-24 05:03:13.532534,1,,,0.0,122,,0.0,「あなたの誠実な回答は、より良い結果をもたらします。他の人も真剣に回答していますので、正しく回答することが重要です。」,1,4,3,3,2,5,2,2,7,1,3,6,5,5,2,7,,,,,,1,2,3,3,3,1,2,3,3,3,2,2,4,2,1,2,3,10,20,24,27,30,1,1,yhm6s5w5,,,,,0
123,j2lw55d1,x50139,0,9,9,finish,FinishPage,2025-10-24 05:03:14.174918,1,,,0.0,123,,0.0,あなたの誠実な回答が、より良い未来に向けた重要な一歩です。私たちの調査は信頼に基づいていますので、真実をお聞かせください。,0,3,7,2,0,4,5,4,5,6,5,5,5,5,3,2,,,,,,2,4,1,1,1,1,2,1,2,2,2,2,4,1,1,1,1,5,5,24,27,31,1,1,yhm6s5w5,,,,,0
124,m0hrjqjd,x50137,0,9,9,finish,FinishPage,2025-10-24 05:03:15.154571,1,,,0.0,124,,0.0,あなたの誠実な回答が、より正確で有益な結果を生み出します。回答は匿名であり、あなたの意見は重要です。どうぞ正直な気持ちでご参加ください。,0,5,2,4,0,3,2,6,3,4,6,6,5,2,6,2,,,,,,1,3,2,3,2,2,1,1,2,2,1,2,4,2,2,3,3,5,5,24,27,31,1,1,yhm6s5w5,,,,,0
125,x0ph3i3s,x50141,0,9,9,finish,FinishPage,2025-10-24 05:03:20.781639,1,,,0.0,125,,0.0,あなたの回答は、データの精度向上に不可欠です。誠実に回答してください。他の回答者も同じように誠実であり、あなたの協力を期待しています。,1,4,4,1,0,6,1,5,5,2,2,6,5,2,6,6,,,,,,1,2,3,2,4,2,4,4,2,2,4,2,4,2,2,4,2,5,5,47,27,31,1,1,yhm6s5w5,,,,,0
126,6b08t3kh,x50144,0,9,9,finish,FinishPage,2025-10-24 05:03:23.528336,1,,,0.0,126,,0.0,あなたの正直な声が、より良い社会を築くために重要です。すべての意見が集まって未来を創ります。誠実な回答で、このプロセスに貢献してください。,0,3,2,1,0,3,5,5,4,3,3,5,5,4,5,3,,,,,,4,3,4,4,5,3,3,3,5,3,3,4,4,3,3,4,5,10,100,24,27,30,1,1,yhm6s5w5,,,,,0
127,8gtl4vw1,x50146,0,9,9,finish,FinishPage,2025-10-24 05:03:27.407619,1,,,0.0,127,,0.0,ご協力ありがとうございます。正直な回答はデータの質を高め、皆様により良いサービスを提供するための基盤となります。あなたの真実の声をお待ちしております。,1,3,3,2,2,2,2,1,5,4,6,3,5,6,4,6,,,,,,4,3,3,5,4,3,4,5,5,3,3,5,4,1,4,5,4,10,1,24,27,31,1,1,yhm6s5w5,,,,,0
128,zcyzjd69,x50145,0,9,9,finish,FinishPage,2025-10-24 05:03:28.438805,1,,,0.0,128,,0.0,「あなたの貴重な意見は、より良い社会を築くための一歩です。誠実な回答が私たちの未来を左右します。ご協力をお願いいたします。」,0,2,2,4,2,3,2,4,4,2,5,5,5,3,6,4,,,,,,1,1,1,1,1,1,1,1,2,3,1,1,4,1,1,1,1,10,5,47,27,31,1,1,yhm6s5w5,,,,,0
129,4jjcsr8m,x50147,0,9,9,finish,FinishPage,2025-10-24 05:03:28.988904,1,,,0.0,129,,0.0,あなたの回答は、私たちにとって非常に価値があります。誠実に答えることで、より良いサービスや製品の改善に繋がります。ご協力ありがとうございます。,0,3,4,2,0,4,2,5,4,5,4,5,5,2,5,2,,,,,,1,3,3,3,3,3,3,3,3,3,3,3,4,3,3,3,3,10,100,24,27,29,1,1,yhm6s5w5,,,,,0
130,9jrgs9bk,x50149,0,9,9,finish,FinishPage,2025-10-24 05:03:29.374047,1,,,0.0,130,,0.0,あなたの正直な回答が、より良い社会を作る一助となります。他の回答者も誠実に回答しています。正直さが、信頼されるアンケート結果につながります。,0,2,3,4,0,1,4,1,7,5,4,1,5,7,4,7,,,,,,2,1,1,3,1,1,1,1,1,4,5,1,4,1,1,5,5,5,5,47,27,29,1,1,yhm6s5w5,,,,,0
131,rvgaopic,x50148,0,9,9,finish,FinishPage,2025-10-24 05:03:31.001225,1,,,0.0,131,,0.0,あなたの率直な回答は、私たちのサービス向上に欠かせません。不正確な情報は調査結果を歪めるため、どうか正直にお答えください。皆様の声が未来を創ります。,0,6,5,1,1,4,2,4,4,4,4,4,5,4,4,4,,,,,,1,1,1,1,1,1,1,1,1,1,1,1,4,1,1,1,1,5,5,47,4,29,1,1,yhm6s5w5,,,,,0
132,nfiipmed,x50142,0,9,9,finish,FinishPage,2025-10-24 05:03:32.103943,1,,,0.0,132,,0.0,あなたの回答は、他の皆さんの生活を良くするための大切な情報です。正直に答えていただくことで、より良い社会づくりに貢献できますので、ぜひご協力をお願いします。,0,4,7,4,2,6,1,6,1,7,2,6,5,2,6,1,,,,,,1,1,1,1,1,1,1,1,1,1,1,1,4,1,1,1,1,10,5,47,27,30,1,1,yhm6s5w5,,,,,0
133,fssdehwe,x50150,0,9,9,finish,FinishPage,2025-10-24 05:03:36.687176,1,,,0.0,133,,0.0,あなたの誠実な回答が、調査の質を高め、より正確な結果につながります。ご協力をお願いします。,0,3,0,4,0,2,4,3,4,5,5,5,5,5,5,3,,,,,,2,2,2,1,1,2,2,2,2,2,2,2,4,2,2,3,2,5,5,47,27,29,1,1,yhm6s5w5,,,,,0
134,7ixbka9k,x50151,0,9,9,finish,FinishPage,2025-10-24 05:03:35.062564,1,,,0.0,134,,0.0,ご回答は、より良い意思決定を導く大切なデータとなります。誠実な回答をお願いします。他者も誠意をもって答えてくれています。,1,4,2,1,2,3,4,5,6,4,4,6,5,2,3,2,,,,,,3,3,2,2,3,2,3,3,3,3,3,3,4,2,3,4,3,10,100,24,27,30,1,1,yhm6s5w5,,,,,0
135,z1erdots,x50152,0,9,9,finish,FinishPage,2025-10-24 05:03:36.915687,1,,,0.0,135,,0.0,あなたの意見は、私たちのサービス向上に欠かせません。真実の声をお聞かせください。皆さまの誠実な回答が、より良い未来を創ります。,1,3,2,2,2,1,2,3,7,1,7,3,5,4,2,7,,,,,,3,3,3,3,3,3,3,3,3,3,3,3,4,3,3,3,3,10,5,24,6,29,1,1,yhm6s5w5,,,,,0
136,sdn0dggo,x50143,0,9,9,finish,FinishPage,2025-10-24 05:03:41.363997,1,,,0.0,136,,0.0,あなたの本音が重要です。正直な回答が集まることで、より良いサービス改善に繋がりますので、ご協力をお願いいたします。,0,2,3,4,0,5,1,4,5,2,4,5,5,3,5,5,,,,,,4,2,3,4,4,4,4,4,4,4,4,4,4,3,4,4,4,5,5,47,27,29,1,1,yhm6s5w5,,,,,0
137,o47gvvin,x50154,0,9,9,finish,FinishPage,2025-10-24 05:03:42.978744,1,,,0.0,137,,0.0,これらの回答は重要な意思決定に使われます。正直な回答をお願いします。あなたの誠実さが、より公正で有効な結果を導く鍵となります。,0,3,2,4,2,5,4,4,4,4,5,4,5,4,6,5,,,,,,2,1,3,4,2,4,4,4,4,5,2,3,4,4,1,1,4,10,100,14,27,32,1,1,yhm6s5w5,,,,,0
138,0xvbnc1v,x50153,0,9,9,finish,FinishPage,2025-10-24 05:03:45.655236,1,,,0.0,138,,0.0,あなたの誠実な回答は、調査の質を向上させます。お名前は匿名で、安全に扱われますので、ぜひ正直な意見をお聞かせください。ご協力に感謝いたします。,0,3,4,1,0,2,2,4,6,3,6,6,5,5,5,5,,,,,,1,1,3,4,4,1,4,4,4,4,4,4,4,4,4,4,4,10,100,24,27,30,1,1,yhm6s5w5,,,,,0
139,gydbxnpi,x50155,0,9,9,finish,FinishPage,2025-10-24 05:03:50.394162,1,,,0.0,139,,0.0,あなたの正直な回答が、皆様にとって価値ある未来を育む一歩です。正確なデータが重要ですので、誠実なご協力をお願いします。,1,2,2,4,2,2,2,5,4,2,3,2,4,3,4,3,,,,,,2,2,2,2,2,4,2,3,3,4,2,3,4,3,3,3,2,10,20,24,5,30,1,1,yhm6s5w5,,,,,0
140,5ocfb6jq,x50054,0,9,9,finish,FinishPage,2025-10-24 05:04:02.223382,1,,,0.0,140,,0.0,このアンケートはあなたの経験を基にしています。正直な回答が大切です。皆さんの率直な意見が、より良い未来を築くための鍵となります。ご協力よろしくお願いいたします。,0,4,4,4,2,3,1,2,5,1,6,6,5,1,6,6,,,,,,1,2,1,1,1,1,1,1,4,4,1,1,4,1,1,1,1,10,5,47,4,29,1,1,yhm6s5w5,,,,,0
141,zkpt178y,x50157,0,9,9,finish,FinishPage,2025-10-24 05:04:03.814166,1,,,0.0,141,,0.0,あなたの意見はとても大切です。誠実な回答が、より良い決定に役立ちます。正直に答えることで、皆さんの声が反映されます。ご協力をお願いします。,0,3,2,4,0,4,1,5,5,3,5,5,5,2,6,5,,,,,,1,1,1,1,1,1,1,1,1,1,1,1,4,1,1,1,1,5,5,47,27,29,1,1,yhm6s5w5,,,,,0
142,48kt1q0t,x50160,0,9,9,finish,FinishPage,2025-10-24 05:04:07.420451,1,,,0.0,142,,0.0,このアンケートは、みなさまの正直な声をもとに改善を目指しています。不誠実な回答は他の方の意見を覆い隠しますので、責任感を持ってご協力ください。,0,3,2,2,2,5,2,5,4,4,4,6,3,2,4,4,,,,,,2,1,2,3,2,2,2,2,3,3,2,2,4,2,2,3,2,10,100,24,27,29,1,1,yhm6s5w5,,,,,0
143,fgtzj01s,x50161,0,9,9,finish,FinishPage,2025-10-24 05:04:07.904389,1,,,0.0,143,,0.0,「皆さんの誠実な回答が、この調査の成功と重要な意思決定に繋がります。あなたの真実の声が、より良い未来を築く一歩となります。」,0,3,2,1,2,5,3,2,4,3,1,5,5,6,5,1,,,,,,1,1,1,1,1,1,1,1,1,2,2,1,4,1,3,3,1,10,5,47,27,29,1,1,yhm6s5w5,,,,,0
144,itqo2xzl,x50070,0,9,9,finish,FinishPage,2025-10-24 05:04:12.458881,1,,,0.0,144,,0.0,あなたの誠実な回答は、より良いサービスや商品を生むための鍵です。他の参加者も同じように真剣に答えていますので、あなたの本当の声をお聞かせください。,1,4,2,3,0,3,1,5,1,3,3,6,5,1,6,4,,,,,,1,2,1,2,2,1,1,1,2,2,1,1,4,1,1,2,2,5,5,47,27,29,1,1,yhm6s5w5,,,,,0
145,eh835x56,x50163,0,9,9,finish,FinishPage,2025-10-24 05:04:15.656844,1,,,0.0,145,,0.0,あなたの回答は、私たちの研究を正確で価値あるものにするために重要です。正直な回答を心よりお願いいたします。これにより、私たちはより多くの人々の役に立つ結果を導けます。,1,2,2,4,2,2,2,2,4,2,6,4,5,3,4,3,,,,,,3,3,3,3,3,3,3,3,3,3,3,3,2,3,3,3,3,5,5,1,27,29,1,1,yhm6s5w5,,,,,0
146,m07kk7cl,x50159,0,9,9,finish,FinishPage,2025-10-24 05:04:16.431368,1,,,0.0,146,,0.0,このアンケートでは誠実な回答が重要です。あなたの正直な意見が結果に大きな影響を与えます。ご協力に感謝します。,1,3,5,2,2,2,2,4,6,2,7,5,5,5,6,7,,,,,,3,4,3,3,3,4,4,3,2,3,3,3,4,3,3,4,4,5,5,47,27,29,1,1,yhm6s5w5,,,,,0
147,caebe8gu,x50164,0,9,9,finish,FinishPage,2025-10-24 05:04:21.063611,1,,,0.0,147,,0.0,「あなたの誠実な回答は、より正確なデータと結論を導き、多くの人々の助けになります。偽りのない答えが、社会の進歩に繋がります。」,0,2,2,4,0,3,6,2,5,5,3,5,5,6,3,5,,,,,,4,2,4,4,4,4,2,4,4,4,5,2,2,4,4,4,5,10,5,47,4,31,1,1,yhm6s5w5,,,,,0
148,i48ty5fv,x50165,0,9,9,finish,FinishPage,2025-10-24 05:04:22.587206,1,,,0.0,148,,0.0,このアンケート結果は、私たちの生活を豊かにするための大切なデータとなります。正直な回答をして、皆で未来をより良いものにしていきましょう。,1,6,4,1,2,6,4,6,3,4,3,4,5,2,4,3,,,,,,2,2,2,4,3,2,2,2,3,4,2,2,4,2,3,3,4,10,5,4,27,2,1,1,yhm6s5w5,,,,,0
149,j727modn,x50167,0,9,9,finish,FinishPage,2025-10-24 05:04:27.280591,1,,,0.0,149,,0.0,あなたの誠実な回答が私たちの研究に貢献します。全ての意見が大切ですので、正直なフィードバックをお願いします。共により良い未来を築きましょう。,1,2,2,4,2,3,4,5,5,4,6,6,5,3,6,6,,,,,,3,4,2,4,5,3,3,2,5,4,3,4,4,2,2,4,5,5,100,2,27,31,1,1,yhm6s5w5,,,,,0
150,qvhqzm37,x50168,0,9,9,finish,FinishPage,2025-10-24 05:04:37.370317,1,,,0.0,150,,0.0,あなたの誠実な回答が、より良いサービスや製品の改善に直結します。あなたの意見を大切にしていますので、正直な気持ちをお聞かせください。,0,6,2,4,2,2,1,5,5,3,5,4,5,5,6,5,,,,,,1,2,1,1,3,1,1,1,4,2,1,3,4,3,4,4,2,10,5,12,27,29,1,1,yhm6s5w5,,,,,0
151,e7nmwn4b,x50048,0,9,9,finish,FinishPage,2025-10-24 05:04:39.420751,1,,,0.0,151,,0.0,あなたの誠実な回答はこの調査の信頼性を高め、より良い社会づくりに貢献します。皆さんの率直な意見をお待ちしています。ご協力をお願いします。,0,5,7,2,2,4,5,4,4,4,4,4,5,5,4,4,,,,,,1,1,1,1,1,1,1,1,1,1,1,1,4,1,1,1,1,5,5,27,27,29,1,1,yhm6s5w5,,,,,0
152,ncrva3p8,x50170,0,9,9,finish,FinishPage,2025-10-24 05:04:42.674263,1,,,0.0,152,,0.0,あなたの率直な回答が、この調査の成功に貢献します。他の参加者も正直に答えているので、信頼できるデータを得るためにご協力をお願いします。,0,4,2,4,0,5,2,5,3,4,3,6,5,2,4,2,,,,,,3,3,3,2,3,2,2,3,3,2,2,3,4,2,2,2,2,5,1,12,27,29,1,1,yhm6s5w5,,,,,0
153,csstxk1u,x50171,0,5,9,using_llm,BigFivePage,2025-10-24 05:04:46.202242,1,,,0.0,153,,0.0,このアンケートは、皆さまの誠実な回答によって、より良いサービスを提供するために大切な役割を果たします。真実の声をお聞かせください。,1,2,2,4,0,,,,,,,,,,,,,,,,,,,,,,,,,,,,,,,,,,,,,,,1,1,yhm6s5w5,,,,,0
154,uges3oea,x50169,0,9,9,finish,FinishPage,2025-10-24 05:04:51.515689,1,,,0.0,154,,0.0,皆さんが正直に答えることで、調査結果の信頼性が高まります。誠実な回答は、より良い社会作りに貢献しますので、どうぞご協力ください。,1,4,4,3,0,5,3,4,5,4,3,4,5,5,3,4,,,,,,2,2,3,2,3,2,2,3,3,2,3,2,4,3,3,3,2,5,5,47,27,29,1,1,yhm6s5w5,,,,,0
155,4j4sjp1x,x50172,0,9,9,finish,FinishPage,2025-10-24 05:04:53.032824,1,,,0.0,155,,0.0,「ご協力ありがとうございます。正直な答えが調査の品質向上に繋がります。すべての回答は匿名で扱われ、あなたの意見が大切です。」,1,4,2,2,0,2,2,5,7,3,4,5,5,1,3,4,,,,,,2,4,1,3,3,4,4,2,4,4,4,4,4,2,3,4,2,10,5,47,27,29,1,1,yhm6s5w5,,,,,0
156,jyrrjn2a,x50173,0,9,9,finish,FinishPage,2025-10-24 05:04:53.281204,1,,,0.0,156,,0.0,あなたの誠実な回答が、この調査の信頼性を高めます。コミュニティ全体に貢献する思いで、正確な情報をご提供ください。ありがとうございます。,1,4,6,3,0,3,5,5,5,2,3,6,5,6,6,7,,,,,,1,1,1,3,1,2,2,1,3,3,2,2,4,1,3,4,4,5,5,47,27,30,1,1,yhm6s5w5,,,,,0
157,sm0jb7yk,x50174,0,9,9,finish,FinishPage,2025-10-24 05:04:58.287457,1,,,0.0,157,,0.0,あなたの誠実な回答が、より正確で有用な結果を生み出します。他の回答者もあなたを信頼し、全体の信頼性を高めることに繋がります。,0,3,5,4,0,4,5,5,4,4,4,6,5,4,4,4,,,,,,2,3,3,3,4,3,4,3,4,3,3,3,4,2,2,4,2,5,5,47,27,30,1,1,yhm6s5w5,,,,,0
158,vaylse23,x50175,0,9,9,finish,FinishPage,2025-10-24 05:04:59.167660,1,,,0.0,158,,0.0,ご協力に感謝します！正直な回答が、より良い改善とサービス向上に役立ちます。あなたの信頼性が、未来の選択に重要な影響を与えます。,0,3,3,4,2,3,5,4,2,5,3,2,5,4,5,6,,,,,,2,3,5,4,4,2,2,5,3,3,3,3,4,4,4,4,3,5,100,24,27,30,1,1,yhm6s5w5,,,,,0
159,kgf16sy8,x50177,0,9,9,finish,FinishPage,2025-10-24 05:05:11.323696,1,,,0.0,159,,0.0,あなたの正直な回答が、この調査の品質を左右します。慎重にお答えいただくことで、より正確なデータにつながります。ご協力をお願いいたします。,1,5,2,1,2,5,1,6,5,5,5,6,3,5,5,4,,,,,,3,3,3,3,3,3,3,3,3,3,2,4,3,3,2,3,2,10,0,5,25,0,1,1,yhm6s5w5,,,,,0
160,avoe0aol,x50178,0,9,9,finish,FinishPage,2025-10-24 05:05:12.319725,1,,,0.0,160,,0.0,あなたの回答は、私たちがより良い未来を築くための重要なピースです。誠実な回答が、信頼性の高い研究結果を生み出します。あなたの協力が未来を変えます！,1,3,5,3,2,3,3,3,7,5,5,5,5,7,3,5,,,,,,2,2,3,2,2,2,2,3,3,3,2,2,4,3,2,2,1,10,100,24,27,30,1,1,yhm6s5w5,,,,,0
161,vm5idjup,x50180,0,9,9,finish,FinishPage,2025-10-24 05:05:18.601422,1,,,0.0,161,,0.0,ご回答は、重要な研究の一部です。正直な答えが多くの人々に役立ちますので、ぜひ誠実にお答えください。研究の質は皆さんにかかっています。,1,5,4,4,2,5,2,5,4,5,3,6,5,2,5,2,,,,,,3,4,2,3,4,3,4,2,4,4,3,4,4,3,3,4,4,5,5,47,4,29,1,1,yhm6s5w5,,,,,0
162,0va5f2t3,x50179,0,9,9,finish,FinishPage,2025-10-24 05:05:20.418193,1,,,0.0,162,,0.0,ご協力ありがとうございます。皆様の誠実な回答が、大切な意思決定を支えます。正直な意見を伺うことで、より良い未来を共に築きましょう。,1,6,2,1,0,6,2,5,5,3,6,5,5,5,5,5,,,,,,2,2,2,2,2,2,2,2,2,2,2,2,4,2,2,2,2,5,5,47,27,29,1,1,yhm6s5w5,,,,,0
163,5jxs3iya,x50176,0,9,9,finish,FinishPage,2025-10-24 05:05:22.254359,1,,,0.0,163,,0.0,ご協力ありがとうございます。あなたの正直な回答は大切です。他の回答者も誠実に取り組んでいます。一緒に正確なデータをつくりましょう。,0,1,3,4,2,1,1,6,7,2,7,6,5,3,7,7,,,,,,2,2,3,3,3,2,2,5,1,2,2,2,4,4,2,4,2,20,100,24,27,29,1,1,yhm6s5w5,,,,,0
164,srczrd7v,x50162,0,9,9,finish,FinishPage,2025-10-24 05:05:26.799518,1,,,0.0,164,,0.0,あなたの回答は統計の一部として大切に扱われます。誠実に答えることで、より良いサービスや製品の改善につながります。ご協力を心よりお願いします。,1,3,3,4,2,3,3,1,5,3,3,2,5,5,3,5,,,,,,1,1,1,1,1,1,1,1,1,1,1,1,4,1,1,1,1,5,5,47,27,29,1,1,yhm6s5w5,,,,,0
165,1hxnphal,x50183,0,9,9,finish,FinishPage,2025-10-24 05:05:26.874968,1,,,0.0,165,,0.0,「あなたの率直な回答は、より良い未来を築く手助けとなります。実際の意見を共有することで、社会のために大きな貢献ができます。」,0,1,4,3,2,2,4,3,3,3,4,2,5,5,2,3,,,,,,3,3,3,3,4,3,3,3,3,2,2,3,2,2,3,1,3,5,100,24,27,31,1,1,yhm6s5w5,,,,,0
166,0jht2r5t,x50182,0,9,9,finish,FinishPage,2025-10-24 05:05:28.224196,1,,,0.0,166,,0.0,あなたの誠実な回答は調査を成功へと導きます。正直な意見が他の人々の役に立ち、ポジティブな影響を広げますので、ぜひ率直にご回答ください。,1,4,2,4,0,2,2,2,6,4,4,4,5,7,3,6,,,,,,1,2,1,2,3,2,2,1,3,3,1,1,4,1,1,2,3,5,5,47,27,29,1,1,yhm6s5w5,,,,,0
167,w5qmyrb8,x50181,0,9,9,finish,FinishPage,2025-10-24 05:05:30.675323,1,,,0.0,167,,0.0,あなたの率直な回答は、より良い意思決定を可能にし、多くの人々に貢献します。思いやりのある行動で、社会への影響を一緒に高めましょう。,1,4,2,3,2,2,3,5,5,2,5,4,5,5,4,5,,,,,,3,3,3,3,3,3,3,2,2,3,3,3,4,2,2,3,3,10,100,24,27,29,1,1,yhm6s5w5,,,,,0
168,8w5eop1d,x50186,0,9,9,finish,FinishPage,2025-10-24 05:05:41.684259,1,,,0.0,168,,0.0,あなたの正直な回答が、より良い未来を形作ります。信頼できるデータは、私たち全員の利益につながります。どうぞ誠実にご回答ください。,0,2,2,1,0,1,7,1,7,1,1,2,5,7,1,7,,,,,,1,1,5,1,5,1,1,5,3,5,5,5,4,1,1,5,1,10,500,96,27,30,1,1,yhm6s5w5,,,,,0
169,v71xhya9,x50185,0,9,9,finish,FinishPage,2025-10-24 05:05:42.526882,1,,,0.0,169,,0.0,あなたの誠実な回答が、よりよい製品やサービスの改善に直接貢献します。正直な意見をお寄せいただくことで、みんなの未来を共に築いていきましょう。,1,3,2,1,1,1,5,1,6,3,6,2,5,6,3,6,,,,,,2,3,2,2,2,2,2,1,4,4,3,4,4,1,3,5,2,5,5,47,27,29,1,1,yhm6s5w5,,,,,0
170,v3km6zev,x50188,0,9,9,finish,FinishPage,2025-10-24 05:05:53.157589,1,,,0.0,170,,0.0,ご協力感謝します！あなたの率直な回答がお客様全体のサービス向上に直結します。一人ひとりの誠実な意見が大切です。どうか正直にお答えください。,0,3,2,2,2,3,3,4,3,3,5,4,5,3,5,4,,,,,,3,3,3,3,3,3,3,3,3,3,3,3,3,3,3,2,3,10,5,47,27,29,1,1,yhm6s5w5,,,,,0
171,apuxoxr6,x50187,0,9,9,finish,FinishPage,2025-10-24 05:05:53.469474,1,,,0.0,171,,0.0,あなたの誠実な回答が、この調査の質を高め、より良い社会づくりに貢献します。皆様の協力が不可欠です。正直な意見をお寄せください。,0,5,4,5,0,6,1,5,2,5,1,5,5,2,6,4,,,,,,1,1,1,4,2,1,1,2,2,1,1,1,4,2,2,4,4,5,5,47,27,29,1,1,yhm6s5w5,,,,,0
172,vt0zhjbe,x50189,0,9,9,finish,FinishPage,2025-10-24 05:05:57.064883,1,,,0.0,172,,0.0,ご回答は社会に貢献します。正直な意見を共有いただくことで、より良い未来をつくる手助けとなります。あなたの誠実さに感謝します。,0,3,4,5,2,6,4,5,6,5,6,6,5,5,6,4,,,,,,2,3,3,4,3,3,4,4,4,3,4,4,4,3,4,3,3,10,1,47,27,31,1,1,yhm6s5w5,,,,,0
173,t7vif0wn,x50184,0,9,9,finish,FinishPage,2025-10-24 05:06:00.501952,1,,,0.0,173,,0.0,このアンケートは皆さまの正直な回答が欠かせません。誠実な意見をいただくことで、より良い社会の実現に貢献できます。ご協力をお願いします。,1,3,2,2,0,2,2,3,6,4,6,5,3,4,3,5,,,,,,2,2,1,1,1,1,1,1,1,2,1,1,4,1,2,3,2,5,5,47,27,31,1,1,yhm6s5w5,,,,,0
174,an61hf0t,x50190,0,9,9,finish,FinishPage,2025-10-24 05:06:05.194982,1,,,0.0,174,,0.0,あなたの誠実な回答は、アンケートの信頼性を向上させ、より良いサービスの提供に繋がります。正直な意見をぜひお聞かせください。,0,3,4,4,2,4,2,4,4,5,5,5,5,3,5,3,,,,,,2,2,2,3,2,2,2,2,3,3,2,2,4,2,3,3,3,5,5,47,27,29,1,1,yhm6s5w5,,,,,0
175,uonobktj,x50191,0,9,9,finish,FinishPage,2025-10-24 05:06:06.185641,1,,,0.0,175,,0.0,あなたの誠実な回答が、より良いサービス向上に繋がります。多くの参加者が正直に答えており、あなたの協力が他の人々に影響を与えます。,0,1,2,4,0,5,4,4,3,4,6,3,5,5,4,3,,,,,,4,3,3,2,4,2,3,2,3,2,4,3,4,3,2,2,4,10,5,24,3,30,1,1,yhm6s5w5,,,,,0
176,9wxzwrvf,x50192,0,9,9,finish,FinishPage,2025-10-24 05:06:14.454508,1,,,0.0,176,,0.0,皆様の誠実な回答は、より良いサービス改善につながります。正直に答えることで、あなたの意見が本当に活かされるのです。ご協力をお願いします。,0,5,2,2,2,4,5,5,5,5,5,6,5,3,4,4,,,,,,3,3,3,3,3,3,3,3,3,3,3,3,4,3,3,3,3,10,5,24,27,30,1,1,yhm6s5w5,,,,,0
177,pmgsr3kr,x50194,0,7,9,using_llm,CrtPage,2025-10-24 05:06:16.684631,1,,,0.0,177,,0.0,あなたの回答は、私たちの改善に不可欠です。誠実な回答をご提供いただくことで、より良いサービスと製品を提供できるようになります。ご協力をお願いします。,0,2,2,4,2,4,4,2,4,4,4,4,5,3,5,3,,,,,,3,3,3,3,2,3,1,3,3,4,4,3,4,3,3,2,3,,,,,,1,1,yhm6s5w5,,,,,0
178,q64v9chz,x50193,0,9,9,finish,FinishPage,2025-10-24 05:06:19.598183,1,,,0.0,178,,0.0,「誠実な回答がすべてのデータの質を向上させます。あなたの正直さが、重要な意思決定をサポートします。みんなで良い結果を導くために、正直に答えてください。」,0,3,6,4,0,1,5,4,4,3,5,2,5,3,3,5,,,,,,2,3,1,3,4,2,3,1,4,4,3,3,4,1,2,4,2,5,5,47,4,29,1,1,yhm6s5w5,,,,,0
179,qm3hix74,x50057,0,1,9,introduction,IntroductionPage,2025-10-24 05:06:22.886606,1,,,0.0,179,,0.0,アンケート調査では設問と関係のない回答や設問をよく読まない不真面目な回答が問題となっております。,,,,,,,,,,,,,,,,,,,,,,,,,,,,,,,,,,,,,,,,,,,,1,1,yhm6s5w5,,,,,0
180,0y9ihfv2,x50195,0,9,9,finish,FinishPage,2025-10-24 05:06:24.070839,1,,,0.0,180,,0.0,あなたの誠実な回答が調査の質を高めます。すべての回答者の意見は、重要であり、慎重に扱われます。誠実なご協力をお願いいたします。,0,5,1,1,0,3,5,3,6,3,5,5,5,3,4,7,,,,,,1,1,1,1,1,1,1,1,2,1,1,1,4,1,1,1,3,5,20,47,27,29,1,1,yhm6s5w5,,,,,0
181,ivm2mdoq,x50198,0,9,9,finish,FinishPage,2025-10-24 05:06:50.455987,1,,,0.0,181,,0.0,あなたの率直な意見が、より良いサービスを築くために不可欠です。ご協力いただければ、皆さんと共有する未来が変わります。正直にお答えください。,0,4,2,1,2,4,4,4,2,4,4,6,5,4,4,4,,,,,,3,3,3,3,3,3,3,3,3,3,3,3,4,3,3,3,3,10,50,96,27,30,1,1,yhm6s5w5,,,,,0
182,flewxzcp,x50199,0,9,9,finish,FinishPage,2025-10-24 05:06:59.083215,1,,,0.0,182,,0.0,ご回答は全体の品質を左右します。誠実に答えていただくことで、皆様にとって価値ある結果が生まれます。ご協力をよろしくお願いします。,1,4,2,2,2,4,3,3,4,3,3,4,5,4,4,5,,,,,,2,2,2,2,2,2,3,3,3,3,3,2,2,3,2,3,2,10,5,24,27,29,1,1,yhm6s5w5,,,,,0
183,pq26bx3g,x50200,0,1,9,introduction,IntroductionPage,2025-10-24 05:07:07.093407,1,,,0.0,183,,0.0,アンケート調査では設問と関係のない回答や設問をよく読まない不真面目な回答が問題となっております。,,,,,,,,,,,,,,,,,,,,,,,,,,,,,,,,,,,,,,,,,,,,1,1,yhm6s5w5,,,,,0
184,1xbsg14j,x50158,0,1,9,introduction,IntroductionPage,2025-10-24 05:07:09.778995,1,,,0.0,184,,0.0,アンケート調査では設問と関係のない回答や設問をよく読まない不真面目な回答が問題となっております。,,,,,,,,,,,,,,,,,,,,,,,,,,,,,,,,,,,,,,,,,,,,1,1,yhm6s5w5,,,,,0
185,ol8wzepf,x50030,0,9,9,finish,FinishPage,2025-10-24 05:07:18.752654,1,,,0.0,185,,0.0,ご協力ありがとうございます。あなたの回答は、貴重なデータとして社会改善に役立ちます。誠実な回答が、より正確で有意義な結果に繋がりますので、ご協力をお願いいたします。,0,2,2,5,2,5,1,3,3,5,4,5,5,4,5,3,,,,,,1,1,1,1,1,1,1,1,1,2,1,1,4,1,1,1,1,5,5,47,27,29,1,1,yhm6s5w5,,,,,0
186,6k2yat1n,x50196,0,9,9,finish,FinishPage,2025-10-24 05:07:29.282151,1,,,0.0,186,,0.0,あなたの回答は、私たちがより良いサービスを提供するための大切な情報です。誠意ある回答をお願い致します。データは匿名で安全に扱われますのでご安心ください。,1,3,4,4,0,2,2,3,7,5,5,5,5,3,2,7,,,,,,2,3,3,2,2,2,2,2,4,3,2,2,4,3,2,3,2,5,5,47,4,29,1,1,yhm6s5w5,,,,,0
187,weim20jz,x50047,0,1,9,introduction,IntroductionPage,2025-10-24 05:07:44.681899,1,,,0.0,187,,0.0,アンケート調査では設問と関係のない回答や設問をよく読まない不真面目な回答が問題となっております。,,,,,,,,,,,,,,,,,,,,,,,,,,,,,,,,,,,,,,,,,,,,1,1,yhm6s5w5,,,,,0
188,it08j35l,x50136,0,9,9,finish,FinishPage,2025-10-24 05:08:19.778721,1,,,0.0,188,,0.0,あなたの誠実な回答が、より良い社会を築く一助となります。あなたの意見はとても重要ですので、ぜひ真心を込めてお答えください。,1,4,2,4,2,4,4,2,5,2,3,2,5,5,4,4,,,,,,1,1,1,1,1,1,1,1,1,1,1,1,4,1,1,1,1,5,5,47,27,29,1,1,yhm6s5w5,,,,,0
189,znasnc94,x50113,0,9,9,finish,FinishPage,2025-10-24 05:16:53.172830,1,,,0.0,189,,0.0,あなたの誠実な回答が、このアンケートの質を高めます。正直に回答することで、より良いサービスや製品の開発に貢献できます。あなたの意見が未来を形作ります。,1,4,3,0,2,2,3,2,6,3,5,4,5,6,3,6,,,,,,2,2,2,2,1,1,1,2,3,2,1,2,4,2,3,2,2,5,5,47,27,29,1,1,yhm6s5w5,,,,,0
190,graxru6t,x50156,0,9,9,finish,FinishPage,2025-10-24 05:23:51.537124,1,,,0.0,190,,0.0,あなたの誠実な回答は、より良い未来を築く力になります。誠実な声が集まることで、私たちは真のニーズを理解し、改善に役立てられます。ご協力お願いします。,0,3,1,1,2,5,5,5,5,4,3,5,5,5,5,4,,,,,,2,2,2,2,2,2,3,2,3,3,2,2,4,2,2,3,3,5,5,47,27,30,1,1,yhm6s5w5,,,,,0
191,625ywqbc,x50084,0,9,9,finish,FinishPage,2025-10-24 05:37:18.120270,1,,,0.0,191,,0.0,「あなたの正直な回答は、この調査の質を向上させます。皆さんの誠実な意見が、より良い結果を生むためのカギとなります。」,0,3,2,4,0,1,2,2,6,2,6,4,5,6,2,7,,,,,,1,1,1,1,1,1,1,1,3,2,2,2,4,1,1,1,4,10,10,12,27,30,1,1,yhm6s5w5,,,,,0
192,7rfd74y3,x50197,0,9,9,finish,FinishPage,2025-10-24 05:38:48.347773,1,,,0.0,192,,0.0,皆さんの正直な回答は、正確な結果に直結します。あなたの意見は貴重であり、誠実な回答が全体の改善に繋がります。ご協力をお願いいたします。,0,6,4,1,0,2,2,3,7,5,5,5,5,5,2,6,,,,,,3,4,4,3,4,2,4,2,4,2,2,4,4,4,4,4,4,5,5,47,7,29,1,1,yhm6s5w5,,,,,0
193,0rtlc0fm,,0,0,9,,,,0,,,0.0,193,,0.0,アンケート調査では設問と関係のない回答や設問をよく読まない不真面目な回答が問題となっております。,,,,,,,,,,,,,,,,,,,,,,,,,,,,,,,,,,,,,,,,,,,,1,1,yhm6s5w5,,,,,0
194,mmakp4r0,,0,0,9,,,,0,,,0.0,194,,0.0,アンケート調査では設問と関係のない回答や設問をよく読まない不真面目な回答が問題となっております。,,,,,,,,,,,,,,,,,,,,,,,,,,,,,,,,,,,,,,,,,,,,1,1,yhm6s5w5,,,,,0
195,4ffeb7i9,,0,0,9,,,,0,,,0.0,195,,0.0,アンケート調査では設問と関係のない回答や設問をよく読まない不真面目な回答が問題となっております。,,,,,,,,,,,,,,,,,,,,,,,,,,,,,,,,,,,,,,,,,,,,1,1,yhm6s5w5,,,,,0
196,f6a24und,,0,0,9,,,,0,,,0.0,196,,0.0,アンケート調査では設問と関係のない回答や設問をよく読まない不真面目な回答が問題となっております。,,,,,,,,,,,,,,,,,,,,,,,,,,,,,,,,,,,,,,,,,,,,1,1,yhm6s5w5,,,,,0
197,y8kzrkhb,,0,0,9,,,,0,,,0.0,197,,0.0,アンケート調査では設問と関係のない回答や設問をよく読まない不真面目な回答が問題となっております。,,,,,,,,,,,,,,,,,,,,,,,,,,,,,,,,,,,,,,,,,,,,1,1,yhm6s5w5,,,,,0
198,ynmv5pqo,,0,0,9,,,,0,,,0.0,198,,0.0,アンケート調査では設問と関係のない回答や設問をよく読まない不真面目な回答が問題となっております。,,,,,,,,,,,,,,,,,,,,,,,,,,,,,,,,,,,,,,,,,,,,1,1,yhm6s5w5,,,,,0
199,po7gxuk4,,0,0,9,,,,0,,,0.0,199,,0.0,アンケート調査では設問と関係のない回答や設問をよく読まない不真面目な回答が問題となっております。,,,,,,,,,,,,,,,,,,,,,,,,,,,,,,,,,,,,,,,,,,,,1,1,yhm6s5w5,,,,,0
200,dst4txi5,,0,0,9,,,,0,,,0.0,200,,0.0,アンケート調査では設問と関係のない回答や設問をよく読まない不真面目な回答が問題となっております。,,,,,,,,,,,,,,,,,,,,,,,,,,,,,,,,,,,,,,,,,,,,1,1,yhm6s5w5,,,,,0
201,ocr91t2u,,0,0,9,,,,0,,,0.0,201,,0.0,アンケート調査では設問と関係のない回答や設問をよく読まない不真面目な回答が問題となっております。,,,,,,,,,,,,,,,,,,,,,,,,,,,,,,,,,,,,,,,,,,,,1,1,yhm6s5w5,,,,,0
202,5wpysfto,,0,0,9,,,,0,,,0.0,202,,0.0,アンケート調査では設問と関係のない回答や設問をよく読まない不真面目な回答が問題となっております。,,,,,,,,,,,,,,,,,,,,,,,,,,,,,,,,,,,,,,,,,,,,1,1,yhm6s5w5,,,,,0
203,v02b45ss,,0,0,9,,,,0,,,0.0,203,,0.0,アンケート調査では設問と関係のない回答や設問をよく読まない不真面目な回答が問題となっております。,,,,,,,,,,,,,,,,,,,,,,,,,,,,,,,,,,,,,,,,,,,,1,1,yhm6s5w5,,,,,0
204,w50s7cx5,,0,0,9,,,,0,,,0.0,204,,0.0,アンケート調査では設問と関係のない回答や設問をよく読まない不真面目な回答が問題となっております。,,,,,,,,,,,,,,,,,,,,,,,,,,,,,,,,,,,,,,,,,,,,1,1,yhm6s5w5,,,,,0
205,c1rh8gwu,,0,0,9,,,,0,,,0.0,205,,0.0,アンケート調査では設問と関係のない回答や設問をよく読まない不真面目な回答が問題となっております。,,,,,,,,,,,,,,,,,,,,,,,,,,,,,,,,,,,,,,,,,,,,1,1,yhm6s5w5,,,,,0
206,elgkqg5t,,0,0,9,,,,0,,,0.0,206,,0.0,アンケート調査では設問と関係のない回答や設問をよく読まない不真面目な回答が問題となっております。,,,,,,,,,,,,,,,,,,,,,,,,,,,,,,,,,,,,,,,,,,,,1,1,yhm6s5w5,,,,,0
207,sotm1wk5,,0,0,9,,,,0,,,0.0,207,,0.0,アンケート調査では設問と関係のない回答や設問をよく読まない不真面目な回答が問題となっております。,,,,,,,,,,,,,,,,,,,,,,,,,,,,,,,,,,,,,,,,,,,,1,1,yhm6s5w5,,,,,0
208,uaxkrhy3,,0,0,9,,,,0,,,0.0,208,,0.0,アンケート調査では設問と関係のない回答や設問をよく読まない不真面目な回答が問題となっております。,,,,,,,,,,,,,,,,,,,,,,,,,,,,,,,,,,,,,,,,,,,,1,1,yhm6s5w5,,,,,0
209,iuvvfefl,,0,0,9,,,,0,,,0.0,209,,0.0,アンケート調査では設問と関係のない回答や設問をよく読まない不真面目な回答が問題となっております。,,,,,,,,,,,,,,,,,,,,,,,,,,,,,,,,,,,,,,,,,,,,1,1,yhm6s5w5,,,,,0
210,jgxvngdf,,0,0,9,,,,0,,,0.0,210,,0.0,アンケート調査では設問と関係のない回答や設問をよく読まない不真面目な回答が問題となっております。,,,,,,,,,,,,,,,,,,,,,,,,,,,,,,,,,,,,,,,,,,,,1,1,yhm6s5w5,,,,,0
